config_id,optimizer,learning_rate,dropout,hidden_sizes,total_params,epoch,train_loss,validation_accuracy,elapsed_sec
SGD_lr0.01_do0.0_h512-256,SGD,0.01,0.0,512-256,537354,1,0.6859714708256635,91.41,3.0737902079999913
SGD_lr0.01_do0.0_h512-256,SGD,0.01,0.0,512-256,537354,2,0.33049894282051884,93.28999999999999,6.062347415994736
SGD_lr0.01_do0.0_h512-256,SGD,0.01,0.0,512-256,537354,3,0.26044912102863005,94.28999999999999,9.139133707998553
SGD_lr0.01_do0.0_h512-256,SGD,0.01,0.0,512-256,537354,4,0.2218951950509815,94.85,12.409309832990402
SGD_lr0.01_do0.0_h512-256,SGD,0.01,0.0,512-256,537354,5,0.19493175048731692,95.24000000000001,16.127675832991372
SGD_lr0.01_do0.0_h512-256,SGD,0.01,0.0,512-256,537354,6,0.1763226173215676,95.5,19.602948582993122
SGD_lr0.01_do0.0_h512-256,SGD,0.01,0.0,512-256,537354,7,0.16067175351606952,95.89,23.090506874999846
SGD_lr0.01_do0.0_h512-256,SGD,0.01,0.0,512-256,537354,8,0.1476639994970807,96.22,26.26243412499025
SGD_lr0.01_do0.0_h512-256,SGD,0.01,0.0,512-256,537354,9,0.13680275909379835,96.33,29.485666791995754
SGD_lr0.01_do0.0_h512-256,SGD,0.01,0.0,512-256,537354,10,0.12738613084088254,96.39,32.621621416998096
SGD_lr0.01_do0.0_h512-256,SGD,0.01,0.0,512-256,537354,11,0.11912059085877605,96.58,35.797298457997385
SGD_lr0.01_do0.0_h512-256,SGD,0.01,0.0,512-256,537354,12,0.11165745275404819,96.64,39.17618929198943
SGD_lr0.01_do0.0_h512-256,SGD,0.01,0.0,512-256,537354,13,0.10408132223892341,96.72,42.426132416992914
SGD_lr0.01_do0.0_h512-256,SGD,0.01,0.0,512-256,537354,14,0.0990037407682981,96.83,45.57624525099527
SGD_lr0.01_do0.0_h512-256,SGD,0.01,0.0,512-256,537354,15,0.09356976443206258,96.99,48.932847750984365
SGD_lr0.01_do0.0_h512-256,SGD,0.01,0.0,512-256,537354,16,0.08817443082935277,97.03,52.271509125988814
SGD_lr0.01_do0.0_h512-256,SGD,0.01,0.0,512-256,537354,17,0.08421730647513706,97.04,56.004366583991214
SGD_lr0.01_do0.0_h512-256,SGD,0.01,0.0,512-256,537354,18,0.07904658939342687,97.06,59.6358272509824
SGD_lr0.01_do0.0_h512-256,SGD,0.01,0.0,512-256,537354,19,0.07493718549023365,97.13000000000001,62.912672375983675
SGD_lr0.01_do0.0_h512-256,SGD,0.01,0.0,512-256,537354,20,0.07156600351748636,97.16,66.00070254298043
SGD_lr0.01_do0.0_h384-192,SGD,0.01,0.0,384-192,378442,1,0.714696300942929,91.23,2.4763534579979023
SGD_lr0.01_do0.0_h384-192,SGD,0.01,0.0,384-192,378442,2,0.33900227738453015,93.23,4.940256582995062
SGD_lr0.01_do0.0_h384-192,SGD,0.01,0.0,384-192,378442,3,0.26719293387871185,94.33,7.42642295800033
SGD_lr0.01_do0.0_h384-192,SGD,0.01,0.0,384-192,378442,4,0.22617398338185316,94.93,9.883011249999981
SGD_lr0.01_do0.0_h384-192,SGD,0.01,0.0,384-192,378442,5,0.19792842774958858,95.25,12.387003708005068
SGD_lr0.01_do0.0_h384-192,SGD,0.01,0.0,384-192,378442,6,0.1783065043564892,95.59,14.918865916013601
SGD_lr0.01_do0.0_h384-192,SGD,0.01,0.0,384-192,378442,7,0.16202811632014336,95.78999999999999,17.390655124007026
SGD_lr0.01_do0.0_h384-192,SGD,0.01,0.0,384-192,378442,8,0.15046096211354107,95.98,19.8610467910039
SGD_lr0.01_do0.0_h384-192,SGD,0.01,0.0,384-192,378442,9,0.13822176513974316,96.21,22.363342374010244
SGD_lr0.01_do0.0_h384-192,SGD,0.01,0.0,384-192,378442,10,0.12871999661144726,96.39,24.861417624008027
SGD_lr0.01_do0.0_h384-192,SGD,0.01,0.0,384-192,378442,11,0.12091122265492217,96.52,27.34769549900375
SGD_lr0.01_do0.0_h384-192,SGD,0.01,0.0,384-192,378442,12,0.11427852286469456,96.56,29.856928499008063
SGD_lr0.01_do0.0_h384-192,SGD,0.01,0.0,384-192,378442,13,0.10772444016259357,96.63000000000001,32.360912333009765
SGD_lr0.01_do0.0_h384-192,SGD,0.01,0.0,384-192,378442,14,0.1013278740327506,96.61999999999999,34.937160291010514
SGD_lr0.01_do0.0_h384-192,SGD,0.01,0.0,384-192,378442,15,0.09517096974490154,96.78,37.47031687501294
SGD_lr0.01_do0.0_h384-192,SGD,0.01,0.0,384-192,378442,16,0.0911830722612602,96.75,40.09619633402326
SGD_lr0.01_do0.0_h384-192,SGD,0.01,0.0,384-192,378442,17,0.08537425235839134,96.89,42.77324362502259
SGD_lr0.01_do0.0_h384-192,SGD,0.01,0.0,384-192,378442,18,0.08243391854816155,96.94,45.42072516701592
SGD_lr0.01_do0.0_h384-192,SGD,0.01,0.0,384-192,378442,19,0.07763608672271216,97.03,48.40675137602375
SGD_lr0.01_do0.0_h384-192,SGD,0.01,0.0,384-192,378442,20,0.07379972194669103,97.15,51.09478770902206
SGD_lr0.01_do0.0_h256-128,SGD,0.01,0.0,256-128,235914,1,0.7810946870561467,90.09,1.8095942079962697
SGD_lr0.01_do0.0_h256-128,SGD,0.01,0.0,256-128,235914,2,0.37799626571796463,92.27,3.722887540992815
SGD_lr0.01_do0.0_h256-128,SGD,0.01,0.0,256-128,235914,3,0.29788960582599366,93.44,5.922282040992286
SGD_lr0.01_do0.0_h256-128,SGD,0.01,0.0,256-128,235914,4,0.2529183265297965,94.1,7.769157373986673
SGD_lr0.01_do0.0_h256-128,SGD,0.01,0.0,256-128,235914,5,0.22201667557803545,94.61,9.501170873991214
SGD_lr0.01_do0.0_h256-128,SGD,0.01,0.0,256-128,235914,6,0.1997217930867402,95.03,11.197177498994279
SGD_lr0.01_do0.0_h256-128,SGD,0.01,0.0,256-128,235914,7,0.1826758469930092,95.41,12.93880941599491
SGD_lr0.01_do0.0_h256-128,SGD,0.01,0.0,256-128,235914,8,0.16829246940067474,95.73,14.630016498995246
SGD_lr0.01_do0.0_h256-128,SGD,0.01,0.0,256-128,235914,9,0.1560978220498204,95.81,16.385852414998226
SGD_lr0.01_do0.0_h256-128,SGD,0.01,0.0,256-128,235914,10,0.14720990931537664,96.13000000000001,18.069024248005007
SGD_lr0.01_do0.0_h256-128,SGD,0.01,0.0,256-128,235914,11,0.13683946951055043,96.26,19.988934705994325
SGD_lr0.01_do0.0_h256-128,SGD,0.01,0.0,256-128,235914,12,0.12975935750196083,96.37,21.86686803898192
SGD_lr0.01_do0.0_h256-128,SGD,0.01,0.0,256-128,235914,13,0.12247732531746862,96.48,24.065433954980108
SGD_lr0.01_do0.0_h256-128,SGD,0.01,0.0,256-128,235914,14,0.11445684096312159,96.64,25.59151816397207
SGD_lr0.01_do0.0_h256-128,SGD,0.01,0.0,256-128,235914,15,0.10944379836887379,96.75,27.198297038979945
SGD_lr0.01_do0.0_h256-128,SGD,0.01,0.0,256-128,235914,16,0.10413638512864112,96.76,28.709300455986522
SGD_lr0.01_do0.0_h256-128,SGD,0.01,0.0,256-128,235914,17,0.09950114678701774,96.86,30.23238103899348
SGD_lr0.01_do0.0_h256-128,SGD,0.01,0.0,256-128,235914,18,0.09502346527434932,96.91,31.803451705985935
SGD_lr0.01_do0.0_h256-128,SGD,0.01,0.0,256-128,235914,19,0.09076852564459464,96.95,33.4513734139764
SGD_lr0.01_do0.0_h256-128,SGD,0.01,0.0,256-128,235914,20,0.08607916119786677,97.07000000000001,35.127426996972645
SGD_lr0.01_do0.1_h512-256,SGD,0.01,0.1,512-256,537354,1,0.8202761189977367,90.62,2.667876334002358
SGD_lr0.01_do0.1_h512-256,SGD,0.01,0.1,512-256,537354,2,0.40557457205832037,92.53,5.633305793002364
SGD_lr0.01_do0.1_h512-256,SGD,0.01,0.1,512-256,537354,3,0.3236310763223312,93.65,8.721062334996532
SGD_lr0.01_do0.1_h512-256,SGD,0.01,0.1,512-256,537354,4,0.27920721805014076,94.13,12.06464491900988
SGD_lr0.01_do0.1_h512-256,SGD,0.01,0.1,512-256,537354,5,0.24860546082501217,94.77,15.181439461011905
SGD_lr0.01_do0.1_h512-256,SGD,0.01,0.1,512-256,537354,6,0.22792678397002766,95.06,18.084331753008883
SGD_lr0.01_do0.1_h512-256,SGD,0.01,0.1,512-256,537354,7,0.21073834205985917,95.39999999999999,20.977259961000527
SGD_lr0.01_do0.1_h512-256,SGD,0.01,0.1,512-256,537354,8,0.19710427909894251,95.67,23.919642460998148
SGD_lr0.01_do0.1_h512-256,SGD,0.01,0.1,512-256,537354,9,0.18443340887006648,95.94,26.9011138779897
SGD_lr0.01_do0.1_h512-256,SGD,0.01,0.1,512-256,537354,10,0.17573625767608744,96.1,29.77231121098157
SGD_lr0.01_do0.1_h512-256,SGD,0.01,0.1,512-256,537354,11,0.16609721044124284,96.17999999999999,32.72671654398437
SGD_lr0.01_do0.1_h512-256,SGD,0.01,0.1,512-256,537354,12,0.157831004714763,96.3,35.53744950298278
SGD_lr0.01_do0.1_h512-256,SGD,0.01,0.1,512-256,537354,13,0.15078514364907256,96.47,38.363700127985794
SGD_lr0.01_do0.1_h512-256,SGD,0.01,0.1,512-256,537354,14,0.1441991830725981,96.54,41.22525025298819
SGD_lr0.01_do0.1_h512-256,SGD,0.01,0.1,512-256,537354,15,0.1384985469791345,96.7,44.1476056699903
SGD_lr0.01_do0.1_h512-256,SGD,0.01,0.1,512-256,537354,16,0.13286736825670686,96.78,46.969220877988846
SGD_lr0.01_do0.1_h512-256,SGD,0.01,0.1,512-256,537354,17,0.12836193850578392,96.85000000000001,49.881123669983936
SGD_lr0.01_do0.1_h512-256,SGD,0.01,0.1,512-256,537354,18,0.12400078009377852,96.89999999999999,52.73971175299084
SGD_lr0.01_do0.1_h512-256,SGD,0.01,0.1,512-256,537354,19,0.1178000353956217,97.03,55.62258229499275
SGD_lr0.01_do0.1_h512-256,SGD,0.01,0.1,512-256,537354,20,0.11479419771829247,96.92,58.74409066999215
SGD_lr0.01_do0.1_h384-192,SGD,0.01,0.1,384-192,378442,1,0.8579271000732331,90.21000000000001,2.5993927079980494
SGD_lr0.01_do0.1_h384-192,SGD,0.01,0.1,384-192,378442,2,0.42097802037034,92.63,5.1829567499953555
SGD_lr0.01_do0.1_h384-192,SGD,0.01,0.1,384-192,378442,3,0.3371256690639278,93.44,7.38253324998368
SGD_lr0.01_do0.1_h384-192,SGD,0.01,0.1,384-192,378442,4,0.28848631380052325,94.22,9.684438708980451
SGD_lr0.01_do0.1_h384-192,SGD,0.01,0.1,384-192,378442,5,0.2570129207826526,94.78,11.93868733398267
SGD_lr0.01_do0.1_h384-192,SGD,0.01,0.1,384-192,378442,6,0.23411066430378516,95.19,14.172297917990363
SGD_lr0.01_do0.1_h384-192,SGD,0.01,0.1,384-192,378442,7,0.21601007678734824,95.30999999999999,16.426083833997836
SGD_lr0.01_do0.1_h384-192,SGD,0.01,0.1,384-192,378442,8,0.2030471218439896,95.61,18.659752958992613
SGD_lr0.01_do0.1_h384-192,SGD,0.01,0.1,384-192,378442,9,0.19001006959875094,95.74000000000001,20.960494333994575
SGD_lr0.01_do0.1_h384-192,SGD,0.01,0.1,384-192,378442,10,0.17991521021457577,96.04,23.202887499995995
SGD_lr0.01_do0.1_h384-192,SGD,0.01,0.1,384-192,378442,11,0.1714051728966911,96.15,25.586961915993015
SGD_lr0.01_do0.1_h384-192,SGD,0.01,0.1,384-192,378442,12,0.16334566716270382,96.28999999999999,27.85203954100143
SGD_lr0.01_do0.1_h384-192,SGD,0.01,0.1,384-192,378442,13,0.15573972760557606,96.38,30.171483291007462
SGD_lr0.01_do0.1_h384-192,SGD,0.01,0.1,384-192,378442,14,0.15000057464774727,96.41999999999999,32.47833891600021
SGD_lr0.01_do0.1_h384-192,SGD,0.01,0.1,384-192,378442,15,0.1437264379479386,96.59,34.77341099899786
SGD_lr0.01_do0.1_h384-192,SGD,0.01,0.1,384-192,378442,16,0.13883167498819668,96.61999999999999,37.10245416499674
SGD_lr0.01_do0.1_h384-192,SGD,0.01,0.1,384-192,378442,17,0.13183987099429084,96.73,39.424916706004296
SGD_lr0.01_do0.1_h384-192,SGD,0.01,0.1,384-192,378442,18,0.12744752401855644,96.78999999999999,41.70060695600114
SGD_lr0.01_do0.1_h384-192,SGD,0.01,0.1,384-192,378442,19,0.12397150704848758,96.81,44.08444199700898
SGD_lr0.01_do0.1_h384-192,SGD,0.01,0.1,384-192,378442,20,0.12116289520319205,96.95,46.40491078901687
SGD_lr0.01_do0.1_h256-128,SGD,0.01,0.1,256-128,235914,1,0.9377798298142009,89.22,1.657102000011946
SGD_lr0.01_do0.1_h256-128,SGD,0.01,0.1,256-128,235914,2,0.47225998976444444,91.51,3.361306084014359
SGD_lr0.01_do0.1_h256-128,SGD,0.01,0.1,256-128,235914,3,0.3745977621487476,92.74,5.016578334019869
SGD_lr0.01_do0.1_h256-128,SGD,0.01,0.1,256-128,235914,4,0.3234171079231673,93.46,6.8278602930222405
SGD_lr0.01_do0.1_h256-128,SGD,0.01,0.1,256-128,235914,5,0.28835504378388827,94.05,8.50644266801828
SGD_lr0.01_do0.1_h256-128,SGD,0.01,0.1,256-128,235914,6,0.26333929476054435,94.51,10.19264479301637
SGD_lr0.01_do0.1_h256-128,SGD,0.01,0.1,256-128,235914,7,0.24478552331633432,94.81,11.809288502015988
SGD_lr0.01_do0.1_h256-128,SGD,0.01,0.1,256-128,235914,8,0.22915222216259964,95.12,13.499769335016026
SGD_lr0.01_do0.1_h256-128,SGD,0.01,0.1,256-128,235914,9,0.2145157553364919,95.3,15.209586501005106
SGD_lr0.01_do0.1_h256-128,SGD,0.01,0.1,256-128,235914,10,0.20529744961478608,95.67,16.869471334008267
SGD_lr0.01_do0.1_h256-128,SGD,0.01,0.1,256-128,235914,11,0.19343181988377672,95.8,18.532013459000154
SGD_lr0.01_do0.1_h256-128,SGD,0.01,0.1,256-128,235914,12,0.1877491773151047,95.98,20.191514167992864
SGD_lr0.01_do0.1_h256-128,SGD,0.01,0.1,256-128,235914,13,0.17908361284779992,96.07,21.875290292984573
SGD_lr0.01_do0.1_h256-128,SGD,0.01,0.1,256-128,235914,14,0.1713217960997235,96.28,23.589287667986355
SGD_lr0.01_do0.1_h256-128,SGD,0.01,0.1,256-128,235914,15,0.16370789592232274,96.33,25.300597292982275
SGD_lr0.01_do0.1_h256-128,SGD,0.01,0.1,256-128,235914,16,0.15828876818774537,96.31,26.9515127089835
SGD_lr0.01_do0.1_h256-128,SGD,0.01,0.1,256-128,235914,17,0.15389176746633507,96.48,28.5517413749767
SGD_lr0.01_do0.1_h256-128,SGD,0.01,0.1,256-128,235914,18,0.14925516263171412,96.59,30.27417645796959
SGD_lr0.01_do0.1_h256-128,SGD,0.01,0.1,256-128,235914,19,0.1454981568463647,96.57,31.962354749965016
SGD_lr0.01_do0.1_h256-128,SGD,0.01,0.1,256-128,235914,20,0.1372135650661261,96.7,33.89397662495321
SGD_lr0.01_do0.2_h512-256,SGD,0.01,0.2,512-256,537354,1,0.982377293690408,89.46,3.218622875006986
SGD_lr0.01_do0.2_h512-256,SGD,0.01,0.2,512-256,537354,2,0.494966396962734,91.79,6.459446334003587
SGD_lr0.01_do0.2_h512-256,SGD,0.01,0.2,512-256,537354,3,0.39528601845576694,92.97999999999999,9.20327720901696
SGD_lr0.01_do0.2_h512-256,SGD,0.01,0.2,512-256,537354,4,0.3417987847721274,93.62,12.310451500015915
SGD_lr0.01_do0.2_h512-256,SGD,0.01,0.2,512-256,537354,5,0.3063365528477548,94.14,15.479811083016102
SGD_lr0.01_do0.2_h512-256,SGD,0.01,0.2,512-256,537354,6,0.28267327291417027,94.45,18.32068225002149
SGD_lr0.01_do0.2_h512-256,SGD,0.01,0.2,512-256,537354,7,0.26325211697618517,94.76,21.035513542025
SGD_lr0.01_do0.2_h512-256,SGD,0.01,0.2,512-256,537354,8,0.24575153237417824,95.15,23.927522501020576
SGD_lr0.01_do0.2_h512-256,SGD,0.01,0.2,512-256,537354,9,0.23476923872300065,95.39,27.87773966800887
SGD_lr0.01_do0.2_h512-256,SGD,0.01,0.2,512-256,537354,10,0.22423916555080528,95.54,31.631045210000593
SGD_lr0.01_do0.2_h512-256,SGD,0.01,0.2,512-256,537354,11,0.2139530142454722,95.7,36.22681450100208
SGD_lr0.01_do0.2_h512-256,SGD,0.01,0.2,512-256,537354,12,0.20600386604293458,95.89999999999999,39.15702191799937
SGD_lr0.01_do0.2_h512-256,SGD,0.01,0.2,512-256,537354,13,0.1962090741861824,96.00999999999999,42.16053808499419
SGD_lr0.01_do0.2_h512-256,SGD,0.01,0.2,512-256,537354,14,0.1899534313935745,96.04,45.6240747099946
SGD_lr0.01_do0.2_h512-256,SGD,0.01,0.2,512-256,537354,15,0.18363415297680824,96.2,48.794029044001945
SGD_lr0.01_do0.2_h512-256,SGD,0.01,0.2,512-256,537354,16,0.17687932740159637,96.35000000000001,52.39967933599837
SGD_lr0.01_do0.2_h512-256,SGD,0.01,0.2,512-256,537354,17,0.17021202811281846,96.38,56.36220254500222
SGD_lr0.01_do0.2_h512-256,SGD,0.01,0.2,512-256,537354,18,0.16403941829695096,96.52,59.63888621100341
SGD_lr0.01_do0.2_h512-256,SGD,0.01,0.2,512-256,537354,19,0.1609637940182131,96.67,62.561459835997084
SGD_lr0.01_do0.2_h512-256,SGD,0.01,0.2,512-256,537354,20,0.15505243605341232,96.64,65.14045921100478
SGD_lr0.01_do0.2_h384-192,SGD,0.01,0.2,384-192,378442,1,1.028727920250394,89.01,2.225237292004749
SGD_lr0.01_do0.2_h384-192,SGD,0.01,0.2,384-192,378442,2,0.5194683802424007,91.63,4.516035874999943
SGD_lr0.01_do0.2_h384-192,SGD,0.01,0.2,384-192,378442,3,0.41637354952764266,92.74,6.883160666999174
SGD_lr0.01_do0.2_h384-192,SGD,0.01,0.2,384-192,378442,4,0.3566256074180074,93.42,9.153715832988382
SGD_lr0.01_do0.2_h384-192,SGD,0.01,0.2,384-192,378442,5,0.32129282204388354,93.97999999999999,11.234364499992807
SGD_lr0.01_do0.2_h384-192,SGD,0.01,0.2,384-192,378442,6,0.2939702502487106,94.43,13.277086707981653
SGD_lr0.01_do0.2_h384-192,SGD,0.01,0.2,384-192,378442,7,0.2750973980728967,94.73,15.36707229197782
SGD_lr0.01_do0.2_h384-192,SGD,0.01,0.2,384-192,378442,8,0.2579886309466574,95.02000000000001,17.57248075098323
SGD_lr0.01_do0.2_h384-192,SGD,0.01,0.2,384-192,378442,9,0.24574029340996087,95.28999999999999,20.257561667996924
SGD_lr0.01_do0.2_h384-192,SGD,0.01,0.2,384-192,378442,10,0.23263033331809993,95.43,22.541738209984032
SGD_lr0.01_do0.2_h384-192,SGD,0.01,0.2,384-192,378442,11,0.2242429337987865,95.62,24.853040918984334
SGD_lr0.01_do0.2_h384-192,SGD,0.01,0.2,384-192,378442,12,0.21434448221079033,95.65,26.936457709991373
SGD_lr0.01_do0.2_h384-192,SGD,0.01,0.2,384-192,378442,13,0.20475595269285246,95.88,29.062823084983393
SGD_lr0.01_do0.2_h384-192,SGD,0.01,0.2,384-192,378442,14,0.1982379299786557,95.95,31.256103042978793
SGD_lr0.01_do0.2_h384-192,SGD,0.01,0.2,384-192,378442,15,0.1928668611010199,96.1,33.33284104298218
SGD_lr0.01_do0.2_h384-192,SGD,0.01,0.2,384-192,378442,16,0.1860898280714699,96.2,35.47635045998322
SGD_lr0.01_do0.2_h384-192,SGD,0.01,0.2,384-192,378442,17,0.17870140186405237,96.28999999999999,37.706731667989516
SGD_lr0.01_do0.2_h384-192,SGD,0.01,0.2,384-192,378442,18,0.17458315561722687,96.33,39.82691383398196
SGD_lr0.01_do0.2_h384-192,SGD,0.01,0.2,384-192,378442,19,0.17009809174586218,96.50999999999999,41.96037858398631
SGD_lr0.01_do0.2_h384-192,SGD,0.01,0.2,384-192,378442,20,0.16499277215838232,96.64,44.042161708988715
SGD_lr0.01_do0.2_h256-128,SGD,0.01,0.2,256-128,235914,1,1.1182266650958546,88.03,1.5135023329930846
SGD_lr0.01_do0.2_h256-128,SGD,0.01,0.2,256-128,235914,2,0.585440518607763,90.53,3.0758793739951216
SGD_lr0.01_do0.2_h256-128,SGD,0.01,0.2,256-128,235914,3,0.4616821505440918,91.78,5.288222415998462
SGD_lr0.01_do0.2_h256-128,SGD,0.01,0.2,256-128,235914,4,0.3997589643030321,92.54,6.895401333007612
SGD_lr0.01_do0.2_h256-128,SGD,0.01,0.2,256-128,235914,5,0.3605512416351474,93.27,8.891022708005039
SGD_lr0.01_do0.2_h256-128,SGD,0.01,0.2,256-128,235914,6,0.3315931724212158,93.7,10.840099417007877
SGD_lr0.01_do0.2_h256-128,SGD,0.01,0.2,256-128,235914,7,0.30890076653861476,94.11,12.4065147920046
SGD_lr0.01_do0.2_h256-128,SGD,0.01,0.2,256-128,235914,8,0.2908016183156593,94.41000000000001,13.936896917002741
SGD_lr0.01_do0.2_h256-128,SGD,0.01,0.2,256-128,235914,9,0.27388304496492744,94.64,15.456870292007807
SGD_lr0.01_do0.2_h256-128,SGD,0.01,0.2,256-128,235914,10,0.26390408232498364,94.98,17.009151167003438
SGD_lr0.01_do0.2_h256-128,SGD,0.01,0.2,256-128,235914,11,0.25072350437260543,95.12,18.501314626002568
SGD_lr0.01_do0.2_h256-128,SGD,0.01,0.2,256-128,235914,12,0.24262659537933876,95.36,20.048375042009866
SGD_lr0.01_do0.2_h256-128,SGD,0.01,0.2,256-128,235914,13,0.23487149433375684,95.52000000000001,21.59670600001118
SGD_lr0.01_do0.2_h256-128,SGD,0.01,0.2,256-128,235914,14,0.2263559000360944,95.71,23.313308084005257
SGD_lr0.01_do0.2_h256-128,SGD,0.01,0.2,256-128,235914,15,0.21619170731164924,95.78,26.747007459009183
SGD_lr0.01_do0.2_h256-128,SGD,0.01,0.2,256-128,235914,16,0.209407489397332,95.82000000000001,29.311698292018264
SGD_lr0.01_do0.2_h256-128,SGD,0.01,0.2,256-128,235914,17,0.20400158444426417,95.97,31.797640417018556
SGD_lr0.01_do0.2_h256-128,SGD,0.01,0.2,256-128,235914,18,0.20141178708220925,96.24000000000001,33.7587440010102
SGD_lr0.01_do0.2_h256-128,SGD,0.01,0.2,256-128,235914,19,0.1965851474338467,96.2,35.786410501008504
SGD_lr0.01_do0.2_h256-128,SGD,0.01,0.2,256-128,235914,20,0.18878793422103696,96.32,37.60345537599642
SGD_lr0.05_do0.0_h512-256,SGD,0.05,0.0,512-256,537354,1,0.35544635128971336,95.3,2.9204357090056874
SGD_lr0.05_do0.0_h512-256,SGD,0.05,0.0,512-256,537354,2,0.1608329848476515,96.49,5.970292875994346
SGD_lr0.05_do0.0_h512-256,SGD,0.05,0.0,512-256,537354,3,0.11532675325505418,96.82,9.052056833985262
SGD_lr0.05_do0.0_h512-256,SGD,0.05,0.0,512-256,537354,4,0.08895876153465528,97.15,12.102078708994668
SGD_lr0.05_do0.0_h512-256,SGD,0.05,0.0,512-256,537354,5,0.07064140814350968,97.28999999999999,15.070828541996889
SGD_lr0.05_do0.0_h512-256,SGD,0.05,0.0,512-256,537354,6,0.057654498850530096,97.41,17.934402457991382
SGD_lr0.05_do0.0_h512-256,SGD,0.05,0.0,512-256,537354,7,0.047246845265509235,97.6,21.18322058299964
SGD_lr0.05_do0.0_h512-256,SGD,0.05,0.0,512-256,537354,8,0.038979187930214404,97.71,24.041848500011838
SGD_lr0.05_do0.0_h512-256,SGD,0.05,0.0,512-256,537354,9,0.032006885987550374,97.66,26.841668083012337
SGD_lr0.05_do0.0_h512-256,SGD,0.05,0.0,512-256,537354,10,0.027160563586785664,97.76,30.625722083015717
SGD_lr0.05_do0.0_h512-256,SGD,0.05,0.0,512-256,537354,11,0.023039374450027354,97.76,33.2502961250284
SGD_lr0.05_do0.0_h512-256,SGD,0.05,0.0,512-256,537354,12,0.019771272449695638,97.71,36.012580417023855
SGD_lr0.05_do0.0_h512-256,SGD,0.05,0.0,512-256,537354,13,0.016509324563207153,97.77,38.77134366701648
SGD_lr0.05_do0.0_h512-256,SGD,0.05,0.0,512-256,537354,14,0.014776095942900296,97.84,41.47975433401007
SGD_lr0.05_do0.0_h512-256,SGD,0.05,0.0,512-256,537354,15,0.012798407101281793,97.78,44.12969912600238
SGD_lr0.05_do0.0_h512-256,SGD,0.05,0.0,512-256,537354,16,0.011553668133256168,97.83,46.87771212599182
SGD_lr0.05_do0.0_h512-256,SGD,0.05,0.0,512-256,537354,17,0.010492498971982404,97.8,49.782389167987276
SGD_lr0.05_do0.0_h512-256,SGD,0.05,0.0,512-256,537354,18,0.00914073961862514,97.78999999999999,52.53443933399103
SGD_lr0.05_do0.0_h512-256,SGD,0.05,0.0,512-256,537354,19,0.008208894490667449,97.78999999999999,55.509490875992924
SGD_lr0.05_do0.0_h512-256,SGD,0.05,0.0,512-256,537354,20,0.007589062518009683,97.8,58.43350675099646
SGD_lr0.05_do0.0_h384-192,SGD,0.05,0.0,384-192,378442,1,0.3644028203953156,95.13000000000001,2.357943124996382
SGD_lr0.05_do0.0_h384-192,SGD,0.05,0.0,384-192,378442,2,0.1625670774215948,96.35000000000001,4.98102583400032
SGD_lr0.05_do0.0_h384-192,SGD,0.05,0.0,384-192,378442,3,0.11870556143250724,96.74000000000001,7.04725045899977
SGD_lr0.05_do0.0_h384-192,SGD,0.05,0.0,384-192,378442,4,0.09224861684778578,97.07000000000001,9.113512501004152
SGD_lr0.05_do0.0_h384-192,SGD,0.05,0.0,384-192,378442,5,0.0733153671886145,97.34,11.184038210005383
SGD_lr0.05_do0.0_h384-192,SGD,0.05,0.0,384-192,378442,6,0.06024577359927516,97.46000000000001,13.235499001995777
SGD_lr0.05_do0.0_h384-192,SGD,0.05,0.0,384-192,378442,7,0.04978942853322983,97.50999999999999,15.333105084995623
SGD_lr0.05_do0.0_h384-192,SGD,0.05,0.0,384-192,378442,8,0.04251022260094896,97.61,17.736313335000887
SGD_lr0.05_do0.0_h384-192,SGD,0.05,0.0,384-192,378442,9,0.03494976972792643,97.64,20.46769512699393
SGD_lr0.05_do0.0_h384-192,SGD,0.05,0.0,384-192,378442,10,0.029800825477042964,97.69,22.593034584991983
SGD_lr0.05_do0.0_h384-192,SGD,0.05,0.0,384-192,378442,11,0.025719298829938335,97.68,24.652189751999686
SGD_lr0.05_do0.0_h384-192,SGD,0.05,0.0,384-192,378442,12,0.02243704096348764,97.75,26.815703001993825
SGD_lr0.05_do0.0_h384-192,SGD,0.05,0.0,384-192,378442,13,0.019129833240420637,97.74000000000001,29.05922004400054
SGD_lr0.05_do0.0_h384-192,SGD,0.05,0.0,384-192,378442,14,0.01663066821047907,97.69,31.196737293998012
SGD_lr0.05_do0.0_h384-192,SGD,0.05,0.0,384-192,378442,15,0.014733142095006478,97.7,33.359734044002835
SGD_lr0.05_do0.0_h384-192,SGD,0.05,0.0,384-192,378442,16,0.013317063234708512,97.83,35.47674316899793
SGD_lr0.05_do0.0_h384-192,SGD,0.05,0.0,384-192,378442,17,0.011173588965245562,97.75,37.59038454400434
SGD_lr0.05_do0.0_h384-192,SGD,0.05,0.0,384-192,378442,18,0.010553750410961144,97.78,39.68865271100367
SGD_lr0.05_do0.0_h384-192,SGD,0.05,0.0,384-192,378442,19,0.009229511560346775,97.75,41.80299666999781
SGD_lr0.05_do0.0_h384-192,SGD,0.05,0.0,384-192,378442,20,0.008464377499962568,97.77,43.919466920007835
SGD_lr0.05_do0.0_h256-128,SGD,0.05,0.0,256-128,235914,1,0.40142160893794465,94.54,1.4104151249921415
SGD_lr0.05_do0.0_h256-128,SGD,0.05,0.0,256-128,235914,2,0.18105910963531402,96.06,2.826186082995264
SGD_lr0.05_do0.0_h256-128,SGD,0.05,0.0,256-128,235914,3,0.13302905827651074,96.64,4.207973124983255
SGD_lr0.05_do0.0_h256-128,SGD,0.05,0.0,256-128,235914,4,0.10524419517896677,97.14,5.599610874982318
SGD_lr0.05_do0.0_h256-128,SGD,0.05,0.0,256-128,235914,5,0.08556667219444367,97.14,6.9957545419747476
SGD_lr0.05_do0.0_h256-128,SGD,0.05,0.0,256-128,235914,6,0.07096122662801338,97.38,8.415009000978898
SGD_lr0.05_do0.0_h256-128,SGD,0.05,0.0,256-128,235914,7,0.06019714559516065,97.52,9.877040166975348
SGD_lr0.05_do0.0_h256-128,SGD,0.05,0.0,256-128,235914,8,0.05102525958769459,97.49,11.351028166973265
SGD_lr0.05_do0.0_h256-128,SGD,0.05,0.0,256-128,235914,9,0.043101194547715015,97.54,12.7535284999758
SGD_lr0.05_do0.0_h256-128,SGD,0.05,0.0,256-128,235914,10,0.03789920724882387,97.61999999999999,14.146417790980195
SGD_lr0.05_do0.0_h256-128,SGD,0.05,0.0,256-128,235914,11,0.03197463362764798,97.6,15.60612845698779
SGD_lr0.05_do0.0_h256-128,SGD,0.05,0.0,256-128,235914,12,0.02847055579964469,97.65,17.013313623989234
SGD_lr0.05_do0.0_h256-128,SGD,0.05,0.0,256-128,235914,13,0.024376520381089582,97.75,18.43012345698662
SGD_lr0.05_do0.0_h256-128,SGD,0.05,0.0,256-128,235914,14,0.02079329855047217,97.65,19.83396399798221
SGD_lr0.05_do0.0_h256-128,SGD,0.05,0.0,256-128,235914,15,0.01876021607948674,97.74000000000001,21.440937580977334
SGD_lr0.05_do0.0_h256-128,SGD,0.05,0.0,256-128,235914,16,0.01702892037338066,97.77,22.98023153898248
SGD_lr0.05_do0.0_h256-128,SGD,0.05,0.0,256-128,235914,17,0.015349003846165951,97.74000000000001,24.363658455986297
SGD_lr0.05_do0.0_h256-128,SGD,0.05,0.0,256-128,235914,18,0.01349403098943233,97.7,25.884251246985514
SGD_lr0.05_do0.0_h256-128,SGD,0.05,0.0,256-128,235914,19,0.012482651336439008,97.77,27.295481913984986
SGD_lr0.05_do0.0_h256-128,SGD,0.05,0.0,256-128,235914,20,0.010975146008787713,97.83,28.83268928898906
SGD_lr0.05_do0.1_h512-256,SGD,0.05,0.1,512-256,537354,1,0.42805790858725407,94.64,2.690369499992812
SGD_lr0.05_do0.1_h512-256,SGD,0.05,0.1,512-256,537354,2,0.20921020231352772,96.07,5.520194041993818
SGD_lr0.05_do0.1_h512-256,SGD,0.05,0.1,512-256,537354,3,0.1593574136883842,96.63000000000001,8.25130129198078
SGD_lr0.05_do0.1_h512-256,SGD,0.05,0.1,512-256,537354,4,0.13066285059007446,96.91,10.99806066697056
SGD_lr0.05_do0.1_h512-256,SGD,0.05,0.1,512-256,537354,5,0.11132591408942218,97.15,14.423902041977271
SGD_lr0.05_do0.1_h512-256,SGD,0.05,0.1,512-256,537354,6,0.09725149132485121,97.32,17.457866333978018
SGD_lr0.05_do0.1_h512-256,SGD,0.05,0.1,512-256,537354,7,0.08591646972111441,97.48,20.122101499975543
SGD_lr0.05_do0.1_h512-256,SGD,0.05,0.1,512-256,537354,8,0.0768612630229102,97.63,22.908845333979116
SGD_lr0.05_do0.1_h512-256,SGD,0.05,0.1,512-256,537354,9,0.06758488832735257,97.7,25.632379624978057
SGD_lr0.05_do0.1_h512-256,SGD,0.05,0.1,512-256,537354,10,0.06290798302380782,97.83,28.309961541977827
SGD_lr0.05_do0.1_h512-256,SGD,0.05,0.1,512-256,537354,11,0.057088685658692434,97.85000000000001,30.871390916974633
SGD_lr0.05_do0.1_h512-256,SGD,0.05,0.1,512-256,537354,12,0.05153705572154252,97.78999999999999,33.66946024997742
SGD_lr0.05_do0.1_h512-256,SGD,0.05,0.1,512-256,537354,13,0.04689976346234172,97.95,36.46437379097915
SGD_lr0.05_do0.1_h512-256,SGD,0.05,0.1,512-256,537354,14,0.043861190720288115,98.00999999999999,39.11781674998929
SGD_lr0.05_do0.1_h512-256,SGD,0.05,0.1,512-256,537354,15,0.03933038986914572,98.03,41.742788541989285
SGD_lr0.05_do0.1_h512-256,SGD,0.05,0.1,512-256,537354,16,0.0372658833518359,98.02,44.3891873749817
SGD_lr0.05_do0.1_h512-256,SGD,0.05,0.1,512-256,537354,17,0.03518541080787247,98.00999999999999,47.00361558397708
SGD_lr0.05_do0.1_h512-256,SGD,0.05,0.1,512-256,537354,18,0.03191564387638123,98.02,49.72726241698547
SGD_lr0.05_do0.1_h512-256,SGD,0.05,0.1,512-256,537354,19,0.030139426398008658,98.09,52.38435766698967
SGD_lr0.05_do0.1_h512-256,SGD,0.05,0.1,512-256,537354,20,0.028348161704995375,98.09,55.06878045898338
SGD_lr0.05_do0.1_h384-192,SGD,0.05,0.1,384-192,378442,1,0.44319170985562784,94.62,1.962221291003516
SGD_lr0.05_do0.1_h384-192,SGD,0.05,0.1,384-192,378442,2,0.21411393503282705,95.95,3.8471477909915848
SGD_lr0.05_do0.1_h384-192,SGD,0.05,0.1,384-192,378442,3,0.16736023843954914,96.38,5.921642415996757
SGD_lr0.05_do0.1_h384-192,SGD,0.05,0.1,384-192,378442,4,0.13788671876445627,96.87,8.108462083007907
SGD_lr0.05_do0.1_h384-192,SGD,0.05,0.1,384-192,378442,5,0.11689895970692199,97.11999999999999,10.294078165999963
SGD_lr0.05_do0.1_h384-192,SGD,0.05,0.1,384-192,378442,6,0.10173099573484014,97.27,12.393789874011418
SGD_lr0.05_do0.1_h384-192,SGD,0.05,0.1,384-192,378442,7,0.09100507151191374,97.28999999999999,15.42779483301274
SGD_lr0.05_do0.1_h384-192,SGD,0.05,0.1,384-192,378442,8,0.08194328313903942,97.47,18.105724000008195
SGD_lr0.05_do0.1_h384-192,SGD,0.05,0.1,384-192,378442,9,0.07335423612877151,97.57000000000001,20.027272167004412
SGD_lr0.05_do0.1_h384-192,SGD,0.05,0.1,384-192,378442,10,0.0680259627235591,97.72,21.845210792002035
SGD_lr0.05_do0.1_h384-192,SGD,0.05,0.1,384-192,378442,11,0.06261161320342735,97.71,23.65479966699786
SGD_lr0.05_do0.1_h384-192,SGD,0.05,0.1,384-192,378442,12,0.05743296562137465,97.83,25.66082550000283
SGD_lr0.05_do0.1_h384-192,SGD,0.05,0.1,384-192,378442,13,0.05203004988887296,97.87,27.83126925000397
SGD_lr0.05_do0.1_h384-192,SGD,0.05,0.1,384-192,378442,14,0.04924899148065808,97.92,29.96211537500494
SGD_lr0.05_do0.1_h384-192,SGD,0.05,0.1,384-192,378442,15,0.04567159805345905,97.91,31.946545500002685
SGD_lr0.05_do0.1_h384-192,SGD,0.05,0.1,384-192,378442,16,0.043026480469325765,97.92,33.975956958005554
SGD_lr0.05_do0.1_h384-192,SGD,0.05,0.1,384-192,378442,17,0.03833709110224021,97.99,36.11013966699829
SGD_lr0.05_do0.1_h384-192,SGD,0.05,0.1,384-192,378442,18,0.035395464788465336,97.89,38.22802579200652
SGD_lr0.05_do0.1_h384-192,SGD,0.05,0.1,384-192,378442,19,0.035046286859367046,98.06,40.15810670799692
SGD_lr0.05_do0.1_h384-192,SGD,0.05,0.1,384-192,378442,20,0.03287706706014475,98.02,42.052168542009895
SGD_lr0.05_do0.1_h256-128,SGD,0.05,0.1,256-128,235914,1,0.4900513481224512,93.93,1.28547591700044
SGD_lr0.05_do0.1_h256-128,SGD,0.05,0.1,256-128,235914,2,0.24026111219221188,95.46,3.068105751008261
SGD_lr0.05_do0.1_h256-128,SGD,0.05,0.1,256-128,235914,3,0.18624994046811422,96.2,4.456522626016522
SGD_lr0.05_do0.1_h256-128,SGD,0.05,0.1,256-128,235914,4,0.15650862843979105,96.66,6.1217052090214565
SGD_lr0.05_do0.1_h256-128,SGD,0.05,0.1,256-128,235914,5,0.13590820756208968,96.77,7.614733167021768
SGD_lr0.05_do0.1_h256-128,SGD,0.05,0.1,256-128,235914,6,0.11994185196715644,97.04,8.932255833016825
SGD_lr0.05_do0.1_h256-128,SGD,0.05,0.1,256-128,235914,7,0.10914614694981285,97.26,10.375437208014773
SGD_lr0.05_do0.1_h256-128,SGD,0.05,0.1,256-128,235914,8,0.09776039460540385,97.31,11.686354375022347
SGD_lr0.05_do0.1_h256-128,SGD,0.05,0.1,256-128,235914,9,0.08854347469389572,97.49,13.061308416028623
SGD_lr0.05_do0.1_h256-128,SGD,0.05,0.1,256-128,235914,10,0.08265578422378934,97.57000000000001,14.332421874030842
SGD_lr0.05_do0.1_h256-128,SGD,0.05,0.1,256-128,235914,11,0.07556629533162074,97.63,15.76869504104252
SGD_lr0.05_do0.1_h256-128,SGD,0.05,0.1,256-128,235914,12,0.07288208991454094,97.72,17.03584462404251
SGD_lr0.05_do0.1_h256-128,SGD,0.05,0.1,256-128,235914,13,0.06637621911917414,97.67,18.452234082040377
SGD_lr0.05_do0.1_h256-128,SGD,0.05,0.1,256-128,235914,14,0.062402543175022425,97.87,19.730652915037354
SGD_lr0.05_do0.1_h256-128,SGD,0.05,0.1,256-128,235914,15,0.05597417704905026,97.82,20.967220331032877
SGD_lr0.05_do0.1_h256-128,SGD,0.05,0.1,256-128,235914,16,0.05542117080381295,97.89,22.239907539027627
SGD_lr0.05_do0.1_h256-128,SGD,0.05,0.1,256-128,235914,17,0.051979589398627575,97.83,23.448010664025787
SGD_lr0.05_do0.1_h256-128,SGD,0.05,0.1,256-128,235914,18,0.048710893803448584,97.91,24.831807706024847
SGD_lr0.05_do0.1_h256-128,SGD,0.05,0.1,256-128,235914,19,0.04660080149744335,97.89,26.09971795603633
SGD_lr0.05_do0.1_h256-128,SGD,0.05,0.1,256-128,235914,20,0.0413293999617584,98.05,27.42787403902912
SGD_lr0.05_do0.2_h512-256,SGD,0.05,0.2,512-256,537354,1,0.5143275834944641,93.97,2.5051962500001537
SGD_lr0.05_do0.2_h512-256,SGD,0.05,0.2,512-256,537354,2,0.2594037134218561,95.41,5.424612084010732
SGD_lr0.05_do0.2_h512-256,SGD,0.05,0.2,512-256,537354,3,0.20498665875137423,96.17999999999999,8.057352209012606
SGD_lr0.05_do0.2_h512-256,SGD,0.05,0.2,512-256,537354,4,0.1721919555920318,96.71,10.61878104301286
SGD_lr0.05_do0.2_h512-256,SGD,0.05,0.2,512-256,537354,5,0.1495069470145931,96.84,13.359123335001641
SGD_lr0.05_do0.2_h512-256,SGD,0.05,0.2,512-256,537354,6,0.1352384018786093,96.99,15.96637033499428
SGD_lr0.05_do0.2_h512-256,SGD,0.05,0.2,512-256,537354,7,0.12123713534119346,97.22,18.739048917996115
SGD_lr0.05_do0.2_h512-256,SGD,0.05,0.2,512-256,537354,8,0.11055449489593297,97.39,21.44514641800197
SGD_lr0.05_do0.2_h512-256,SGD,0.05,0.2,512-256,537354,9,0.10275416609010246,97.5,24.254518377012573
SGD_lr0.05_do0.2_h512-256,SGD,0.05,0.2,512-256,537354,10,0.09689636742674654,97.6,27.256853586019133
SGD_lr0.05_do0.2_h512-256,SGD,0.05,0.2,512-256,537354,11,0.09025624293812827,97.6,30.399313919013366
SGD_lr0.05_do0.2_h512-256,SGD,0.05,0.2,512-256,537354,12,0.08302956488135994,97.67,34.08160308601509
SGD_lr0.05_do0.2_h512-256,SGD,0.05,0.2,512-256,537354,13,0.07792536242749815,97.8,36.7509549610113
SGD_lr0.05_do0.2_h512-256,SGD,0.05,0.2,512-256,537354,14,0.0726282047100023,97.8,39.41483254401828
SGD_lr0.05_do0.2_h512-256,SGD,0.05,0.2,512-256,537354,15,0.06968097163784916,97.96000000000001,42.17210850202537
SGD_lr0.05_do0.2_h512-256,SGD,0.05,0.2,512-256,537354,16,0.06534104096621635,97.96000000000001,45.19188896102423
SGD_lr0.05_do0.2_h512-256,SGD,0.05,0.2,512-256,537354,17,0.06144441043955536,98.0,47.83089933602605
SGD_lr0.05_do0.2_h512-256,SGD,0.05,0.2,512-256,537354,18,0.057366934461027516,97.94,50.61349608602177
SGD_lr0.05_do0.2_h512-256,SGD,0.05,0.2,512-256,537354,19,0.05617936066210607,98.05,53.28378391903243
SGD_lr0.05_do0.2_h512-256,SGD,0.05,0.2,512-256,537354,20,0.05230219854991327,97.98,56.0051927940367
SGD_lr0.05_do0.2_h384-192,SGD,0.05,0.2,384-192,378442,1,0.5378634586584433,93.89,1.9198966250114609
SGD_lr0.05_do0.2_h384-192,SGD,0.05,0.2,384-192,378442,2,0.26937513563302623,95.44,3.7945433340064483
SGD_lr0.05_do0.2_h384-192,SGD,0.05,0.2,384-192,378442,3,0.2172845590201208,95.95,5.743630542012397
SGD_lr0.05_do0.2_h384-192,SGD,0.05,0.2,384-192,378442,4,0.18237188776646532,96.49,7.602948625004501
SGD_lr0.05_do0.2_h384-192,SGD,0.05,0.2,384-192,378442,5,0.15933130756290945,96.71,9.513616917000036
SGD_lr0.05_do0.2_h384-192,SGD,0.05,0.2,384-192,378442,6,0.14213544998947775,96.91,11.466424584010383
SGD_lr0.05_do0.2_h384-192,SGD,0.05,0.2,384-192,378442,7,0.1316054302221952,97.04,13.610784084012266
SGD_lr0.05_do0.2_h384-192,SGD,0.05,0.2,384-192,378442,8,0.11830058877864064,97.21,15.890500918001635
SGD_lr0.05_do0.2_h384-192,SGD,0.05,0.2,384-192,378442,9,0.1109144847830865,97.45,18.04403754300438
SGD_lr0.05_do0.2_h384-192,SGD,0.05,0.2,384-192,378442,10,0.10256965288231647,97.53,20.235913418000564
SGD_lr0.05_do0.2_h384-192,SGD,0.05,0.2,384-192,378442,11,0.09866217964255859,97.57000000000001,22.479304000997217
SGD_lr0.05_do0.2_h384-192,SGD,0.05,0.2,384-192,378442,12,0.09033127285541764,97.55,24.54209429299226
SGD_lr0.05_do0.2_h384-192,SGD,0.05,0.2,384-192,378442,13,0.08459989064082582,97.72999999999999,26.583715959990514
SGD_lr0.05_do0.2_h384-192,SGD,0.05,0.2,384-192,378442,14,0.08086390244118226,97.78,28.738150252000196
SGD_lr0.05_do0.2_h384-192,SGD,0.05,0.2,384-192,378442,15,0.07769398540557865,97.85000000000001,30.75620258600975
SGD_lr0.05_do0.2_h384-192,SGD,0.05,0.2,384-192,378442,16,0.07250147457697122,97.86,32.87987746101862
SGD_lr0.05_do0.2_h384-192,SGD,0.05,0.2,384-192,378442,17,0.06780155118122363,97.92,35.541773252014536
SGD_lr0.05_do0.2_h384-192,SGD,0.05,0.2,384-192,378442,18,0.06461496437890847,97.92999999999999,37.838668710013735
SGD_lr0.05_do0.2_h384-192,SGD,0.05,0.2,384-192,378442,19,0.06365566163183761,97.95,40.37421204301063
SGD_lr0.05_do0.2_h384-192,SGD,0.05,0.2,384-192,378442,20,0.059896033712129745,98.0,42.612847293014056
SGD_lr0.05_do0.2_h256-128,SGD,0.05,0.2,256-128,235914,1,0.5970884850132272,93.02,1.6304605000041192
SGD_lr0.05_do0.2_h256-128,SGD,0.05,0.2,256-128,235914,2,0.3022890760583236,94.86,3.198870292006177
SGD_lr0.05_do0.2_h256-128,SGD,0.05,0.2,256-128,235914,3,0.2405749807869929,95.74000000000001,4.860435917013092
SGD_lr0.05_do0.2_h256-128,SGD,0.05,0.2,256-128,235914,4,0.20655989488912993,96.24000000000001,6.544869834004203
SGD_lr0.05_do0.2_h256-128,SGD,0.05,0.2,256-128,235914,5,0.1853637275659017,96.48,8.277570250007557
SGD_lr0.05_do0.2_h256-128,SGD,0.05,0.2,256-128,235914,6,0.16569458871047982,96.74000000000001,10.174104250007076
SGD_lr0.05_do0.2_h256-128,SGD,0.05,0.2,256-128,235914,7,0.15312571631547361,96.97,11.753094250016147
SGD_lr0.05_do0.2_h256-128,SGD,0.05,0.2,256-128,235914,8,0.13978560253900957,97.05,13.338556666014483
SGD_lr0.05_do0.2_h256-128,SGD,0.05,0.2,256-128,235914,9,0.13033760483983056,97.24000000000001,14.979447458012146
SGD_lr0.05_do0.2_h256-128,SGD,0.05,0.2,256-128,235914,10,0.1233580146977968,97.39,16.62401516601676
SGD_lr0.05_do0.2_h256-128,SGD,0.05,0.2,256-128,235914,11,0.11402063412556968,97.45,18.23934908301453
SGD_lr0.05_do0.2_h256-128,SGD,0.05,0.2,256-128,235914,12,0.11119061065251237,97.54,19.89129004100687
SGD_lr0.05_do0.2_h256-128,SGD,0.05,0.2,256-128,235914,13,0.10467595396064082,97.49,21.52038241601258
SGD_lr0.05_do0.2_h256-128,SGD,0.05,0.2,256-128,235914,14,0.09963166325032304,97.67,23.21064774901606
SGD_lr0.05_do0.2_h256-128,SGD,0.05,0.2,256-128,235914,15,0.09151121965702333,97.72,24.75884916500945
SGD_lr0.05_do0.2_h256-128,SGD,0.05,0.2,256-128,235914,16,0.08961855532209632,97.85000000000001,26.421256623012596
SGD_lr0.05_do0.2_h256-128,SGD,0.05,0.2,256-128,235914,17,0.08461238216168952,97.71,27.994677415015758
SGD_lr0.05_do0.2_h256-128,SGD,0.05,0.2,256-128,235914,18,0.08242486668226437,97.92,29.511875498006702
SGD_lr0.05_do0.2_h256-128,SGD,0.05,0.2,256-128,235914,19,0.07794778499196883,97.89,31.17672124800447
SGD_lr0.05_do0.2_h256-128,SGD,0.05,0.2,256-128,235914,20,0.07421778142116194,97.89,33.01365624800383
SGD_lr0.1_do0.0_h512-256,SGD,0.1,0.0,512-256,537354,1,0.2736562010166253,96.35000000000001,3.0418974589993013
SGD_lr0.1_do0.0_h512-256,SGD,0.1,0.0,512-256,537354,2,0.11363251732734492,97.00999999999999,5.772609042003751
SGD_lr0.1_do0.0_h512-256,SGD,0.1,0.0,512-256,537354,3,0.07462143326531469,97.46000000000001,8.675505959006841
SGD_lr0.1_do0.0_h512-256,SGD,0.1,0.0,512-256,537354,4,0.051631952883533394,97.54,11.561926542010042
SGD_lr0.1_do0.0_h512-256,SGD,0.1,0.0,512-256,537354,5,0.03699993146600747,97.6,14.50598854200507
SGD_lr0.1_do0.0_h512-256,SGD,0.1,0.0,512-256,537354,6,0.026988275587425406,97.68,17.469190750009147
SGD_lr0.1_do0.0_h512-256,SGD,0.1,0.0,512-256,537354,7,0.020363030804988618,97.74000000000001,20.724746250009048
SGD_lr0.1_do0.0_h512-256,SGD,0.1,0.0,512-256,537354,8,0.015537843523100737,97.85000000000001,23.447170958010247
SGD_lr0.1_do0.0_h512-256,SGD,0.1,0.0,512-256,537354,9,0.011891514156214063,97.78999999999999,26.529428124020342
SGD_lr0.1_do0.0_h512-256,SGD,0.1,0.0,512-256,537354,10,0.009626664858027625,97.82,29.596235207020072
SGD_lr0.1_do0.0_h512-256,SGD,0.1,0.0,512-256,537354,11,0.00826194738279667,97.89999999999999,32.34869516501203
SGD_lr0.1_do0.0_h512-256,SGD,0.1,0.0,512-256,537354,12,0.006813824641111427,97.75,35.54690216502058
SGD_lr0.1_do0.0_h512-256,SGD,0.1,0.0,512-256,537354,13,0.005778575045153586,97.81,38.26837783101655
SGD_lr0.1_do0.0_h512-256,SGD,0.1,0.0,512-256,537354,14,0.0051620155336956405,97.88,41.291582539022784
SGD_lr0.1_do0.0_h512-256,SGD,0.1,0.0,512-256,537354,15,0.004475140780790597,97.92999999999999,44.023883039015345
SGD_lr0.1_do0.0_h512-256,SGD,0.1,0.0,512-256,537354,16,0.004160002625367541,97.95,46.76354053901741
SGD_lr0.1_do0.0_h512-256,SGD,0.1,0.0,512-256,537354,17,0.0037633156927442007,97.83,49.492180206027115
SGD_lr0.1_do0.0_h512-256,SGD,0.1,0.0,512-256,537354,18,0.0031947630630297487,97.8,52.405861247025314
SGD_lr0.1_do0.0_h512-256,SGD,0.1,0.0,512-256,537354,19,0.0028805739811517445,97.84,55.41459295502864
SGD_lr0.1_do0.0_h512-256,SGD,0.1,0.0,512-256,537354,20,0.002642881374175962,97.81,58.42888303802465
SGD_lr0.1_do0.0_h384-192,SGD,0.1,0.0,384-192,378442,1,0.27885300969692195,96.1,2.356882209001924
SGD_lr0.1_do0.0_h384-192,SGD,0.1,0.0,384-192,378442,2,0.1156919972579671,96.93,4.739983667997876
SGD_lr0.1_do0.0_h384-192,SGD,0.1,0.0,384-192,378442,3,0.07804641958112045,97.36,7.350859501006198
SGD_lr0.1_do0.0_h384-192,SGD,0.1,0.0,384-192,378442,4,0.05534944887314625,97.46000000000001,9.795392710002488
SGD_lr0.1_do0.0_h384-192,SGD,0.1,0.0,384-192,378442,5,0.03979300941893379,97.74000000000001,12.214292502001626
SGD_lr0.1_do0.0_h384-192,SGD,0.1,0.0,384-192,378442,6,0.029801035336094954,97.71,14.606670544002554
SGD_lr0.1_do0.0_h384-192,SGD,0.1,0.0,384-192,378442,7,0.022292530778136532,97.74000000000001,17.043191377000767
SGD_lr0.1_do0.0_h384-192,SGD,0.1,0.0,384-192,378442,8,0.018061325331957596,97.74000000000001,19.5419300020003
SGD_lr0.1_do0.0_h384-192,SGD,0.1,0.0,384-192,378442,9,0.013752204472941076,97.76,21.92072104300314
SGD_lr0.1_do0.0_h384-192,SGD,0.1,0.0,384-192,378442,10,0.011169621620380472,97.76,24.222393958989414
SGD_lr0.1_do0.0_h384-192,SGD,0.1,0.0,384-192,378442,11,0.00922657544714945,97.87,26.605768376000924
SGD_lr0.1_do0.0_h384-192,SGD,0.1,0.0,384-192,378442,12,0.007935657613999971,97.67,29.23451287599164
SGD_lr0.1_do0.0_h384-192,SGD,0.1,0.0,384-192,378442,13,0.006592200681638912,97.86,32.79488008498447
SGD_lr0.1_do0.0_h384-192,SGD,0.1,0.0,384-192,378442,14,0.005702854329771184,97.76,38.70344620998367
SGD_lr0.1_do0.0_h384-192,SGD,0.1,0.0,384-192,378442,15,0.005203807493922883,97.78,44.22850425199431
SGD_lr0.1_do0.0_h384-192,SGD,0.1,0.0,384-192,378442,16,0.004598233129986763,97.81,51.79390516899002
SGD_lr0.1_do0.0_h384-192,SGD,0.1,0.0,384-192,378442,17,0.00386279290743862,97.77,58.055522543989355
SGD_lr0.1_do0.0_h384-192,SGD,0.1,0.0,384-192,378442,18,0.0038054705794110374,97.83,63.33403795998311
SGD_lr0.1_do0.0_h384-192,SGD,0.1,0.0,384-192,378442,19,0.0032629991052690968,97.88,68.68897879398719
SGD_lr0.1_do0.0_h384-192,SGD,0.1,0.0,384-192,378442,20,0.0029462390219155833,97.81,75.31498862698209
SGD_lr0.1_do0.0_h256-128,SGD,0.1,0.0,256-128,235914,1,0.30621055289034055,95.92,7.332102041997132
SGD_lr0.1_do0.0_h256-128,SGD,0.1,0.0,256-128,235914,2,0.13005403664475138,96.86,13.91640537600324
SGD_lr0.1_do0.0_h256-128,SGD,0.1,0.0,256-128,235914,3,0.08968408151488887,97.34,21.98792075100937
SGD_lr0.1_do0.0_h256-128,SGD,0.1,0.0,256-128,235914,4,0.06641620138574324,97.57000000000001,30.949946250999346
SGD_lr0.1_do0.0_h256-128,SGD,0.1,0.0,256-128,235914,5,0.050274707297807225,97.58,35.9959079179971
SGD_lr0.1_do0.0_h256-128,SGD,0.1,0.0,256-128,235914,6,0.03832856395021988,97.65,39.79558350099251
SGD_lr0.1_do0.0_h256-128,SGD,0.1,0.0,256-128,235914,7,0.030141401411896078,97.66,44.229793416991015
SGD_lr0.1_do0.0_h256-128,SGD,0.1,0.0,256-128,235914,8,0.02401155621088269,97.72999999999999,48.54887787500047
SGD_lr0.1_do0.0_h256-128,SGD,0.1,0.0,256-128,235914,9,0.01881215280115453,97.8,55.574660124999355
SGD_lr0.1_do0.0_h256-128,SGD,0.1,0.0,256-128,235914,10,0.01591993267429702,97.78999999999999,61.39485429099295
SGD_lr0.1_do0.0_h256-128,SGD,0.1,0.0,256-128,235914,11,0.012570923729074828,97.66,64.28567274898523
SGD_lr0.1_do0.0_h256-128,SGD,0.1,0.0,256-128,235914,12,0.010869860300148445,97.72,67.99263841599168
SGD_lr0.1_do0.0_h256-128,SGD,0.1,0.0,256-128,235914,13,0.009079996067651476,97.92999999999999,71.79067279100127
SGD_lr0.1_do0.0_h256-128,SGD,0.1,0.0,256-128,235914,14,0.007415094684585783,97.88,74.89150891600002
SGD_lr0.1_do0.0_h256-128,SGD,0.1,0.0,256-128,235914,15,0.006949475116309838,97.87,77.73694579099538
SGD_lr0.1_do0.0_h256-128,SGD,0.1,0.0,256-128,235914,16,0.006240676836730923,97.95,80.28391612399719
SGD_lr0.1_do0.0_h256-128,SGD,0.1,0.0,256-128,235914,17,0.005587997109772725,97.75,82.89020033199631
SGD_lr0.1_do0.0_h256-128,SGD,0.1,0.0,256-128,235914,18,0.004851675806010185,97.76,85.77256478999334
SGD_lr0.1_do0.0_h256-128,SGD,0.1,0.0,256-128,235914,19,0.0043262293148395095,97.89,88.61438849798287
SGD_lr0.1_do0.0_h256-128,SGD,0.1,0.0,256-128,235914,20,0.003868441713600883,97.97,91.05586470598064
SGD_lr0.1_do0.1_h512-256,SGD,0.1,0.1,512-256,537354,1,0.330418970500505,96.1,3.9298749169975054
SGD_lr0.1_do0.1_h512-256,SGD,0.1,0.1,512-256,537354,2,0.15572108279882757,96.88,8.396415541996248
SGD_lr0.1_do0.1_h512-256,SGD,0.1,0.1,512-256,537354,3,0.11323851574802116,97.24000000000001,11.879656375997001
SGD_lr0.1_do0.1_h512-256,SGD,0.1,0.1,512-256,537354,4,0.08818197500754843,97.50999999999999,14.479609875997994
SGD_lr0.1_do0.1_h512-256,SGD,0.1,0.1,512-256,537354,5,0.07324748939300658,97.68,17.25377391699294
SGD_lr0.1_do0.1_h512-256,SGD,0.1,0.1,512-256,537354,6,0.06123272389350249,97.71,19.987382458988577
SGD_lr0.1_do0.1_h512-256,SGD,0.1,0.1,512-256,537354,7,0.052401495895422485,97.85000000000001,22.78586579299008
SGD_lr0.1_do0.1_h512-256,SGD,0.1,0.1,512-256,537354,8,0.04518502089648973,97.98,26.10636366799008
SGD_lr0.1_do0.1_h512-256,SGD,0.1,0.1,512-256,537354,9,0.03863411338307913,97.94,28.968075751981814
SGD_lr0.1_do0.1_h512-256,SGD,0.1,0.1,512-256,537354,10,0.03468755189852522,98.06,32.18423875197186
SGD_lr0.1_do0.1_h512-256,SGD,0.1,0.1,512-256,537354,11,0.030961585898812354,98.06,35.20602100196993
SGD_lr0.1_do0.1_h512-256,SGD,0.1,0.1,512-256,537354,12,0.027024495477857548,98.16,38.12687254397315
SGD_lr0.1_do0.1_h512-256,SGD,0.1,0.1,512-256,537354,13,0.024259657758000312,98.17,41.15706362697529
SGD_lr0.1_do0.1_h512-256,SGD,0.1,0.1,512-256,537354,14,0.022980879051410198,98.22,44.213057460976415
SGD_lr0.1_do0.1_h512-256,SGD,0.1,0.1,512-256,537354,15,0.019624074857203005,98.25,47.30780637796852
SGD_lr0.1_do0.1_h512-256,SGD,0.1,0.1,512-256,537354,16,0.018982233017988782,98.14,50.31564483596594
SGD_lr0.1_do0.1_h512-256,SGD,0.1,0.1,512-256,537354,17,0.017531256553807006,98.2,53.6885703359585
SGD_lr0.1_do0.1_h512-256,SGD,0.1,0.1,512-256,537354,18,0.015117182521571324,98.21,56.627437044953695
SGD_lr0.1_do0.1_h512-256,SGD,0.1,0.1,512-256,537354,19,0.014755012527721325,98.32,59.500784002957516
SGD_lr0.1_do0.1_h512-256,SGD,0.1,0.1,512-256,537354,20,0.014060800605775924,98.18,62.36739308695542
SGD_lr0.1_do0.1_h384-192,SGD,0.1,0.1,384-192,378442,1,0.3400132535306885,95.77,2.488226624991512
SGD_lr0.1_do0.1_h384-192,SGD,0.1,0.1,384-192,378442,2,0.16030304933953296,96.8,4.784175499982666
SGD_lr0.1_do0.1_h384-192,SGD,0.1,0.1,384-192,378442,3,0.12146311393224904,97.16,7.127441999982693
SGD_lr0.1_do0.1_h384-192,SGD,0.1,0.1,384-192,378442,4,0.09674337180716547,97.32,9.49375445797341
SGD_lr0.1_do0.1_h384-192,SGD,0.1,0.1,384-192,378442,5,0.07914274871458307,97.63,11.779832666972652
SGD_lr0.1_do0.1_h384-192,SGD,0.1,0.1,384-192,378442,6,0.06666658248226226,97.77,14.124809166969499
SGD_lr0.1_do0.1_h384-192,SGD,0.1,0.1,384-192,378442,7,0.05846212348207144,97.76,16.400961375969928
SGD_lr0.1_do0.1_h384-192,SGD,0.1,0.1,384-192,378442,8,0.05119388991647857,97.92,18.689300250960514
SGD_lr0.1_do0.1_h384-192,SGD,0.1,0.1,384-192,378442,9,0.04403825332320058,97.81,21.087550958967768
SGD_lr0.1_do0.1_h384-192,SGD,0.1,0.1,384-192,378442,10,0.039899229245916316,98.07000000000001,23.764518250973197
SGD_lr0.1_do0.1_h384-192,SGD,0.1,0.1,384-192,378442,11,0.03680723557950423,98.2,26.2851879169757
SGD_lr0.1_do0.1_h384-192,SGD,0.1,0.1,384-192,378442,12,0.03281083800311771,98.02,28.57846870897629
SGD_lr0.1_do0.1_h384-192,SGD,0.1,0.1,384-192,378442,13,0.02844071785901126,98.02,30.85297179297777
SGD_lr0.1_do0.1_h384-192,SGD,0.1,0.1,384-192,378442,14,0.026538119279572198,98.07000000000001,33.28491795998707
SGD_lr0.1_do0.1_h384-192,SGD,0.1,0.1,384-192,378442,15,0.02458189793086631,98.09,35.77792145998683
SGD_lr0.1_do0.1_h384-192,SGD,0.1,0.1,384-192,378442,16,0.02309192589596708,98.21,38.0694535849907
SGD_lr0.1_do0.1_h384-192,SGD,0.1,0.1,384-192,378442,17,0.019950778157495606,98.15,40.55513983499259
SGD_lr0.1_do0.1_h384-192,SGD,0.1,0.1,384-192,378442,18,0.018362357553722963,98.13,44.126620501992875
SGD_lr0.1_do0.1_h384-192,SGD,0.1,0.1,384-192,378442,19,0.018238285143192638,98.2,48.29321266899933
SGD_lr0.1_do0.1_h384-192,SGD,0.1,0.1,384-192,378442,20,0.01713264443912547,98.18,50.84943904400279
SGD_lr0.1_do0.1_h256-128,SGD,0.1,0.1,256-128,235914,1,0.37645449778547013,95.35,1.9182414999959292
SGD_lr0.1_do0.1_h256-128,SGD,0.1,0.1,256-128,235914,2,0.1813200987030702,96.58,3.9734350420039846
SGD_lr0.1_do0.1_h256-128,SGD,0.1,0.1,256-128,235914,3,0.1368114301185232,96.91,9.740355458008708
SGD_lr0.1_do0.1_h256-128,SGD,0.1,0.1,256-128,235914,4,0.11229324462133616,97.31,11.668686749006156
SGD_lr0.1_do0.1_h256-128,SGD,0.1,0.1,256-128,235914,5,0.09552858127676872,97.43,13.743083249006304
SGD_lr0.1_do0.1_h256-128,SGD,0.1,0.1,256-128,235914,6,0.08280897819145049,97.65,15.832624582006247
SGD_lr0.1_do0.1_h256-128,SGD,0.1,0.1,256-128,235914,7,0.07355165803253108,97.72999999999999,17.753398124012165
SGD_lr0.1_do0.1_h256-128,SGD,0.1,0.1,256-128,235914,8,0.06405518302379762,97.81,19.642214207022334
SGD_lr0.1_do0.1_h256-128,SGD,0.1,0.1,256-128,235914,9,0.05755436409126391,97.91,23.196014124012436
SGD_lr0.1_do0.1_h256-128,SGD,0.1,0.1,256-128,235914,10,0.05235644163165194,97.92999999999999,25.516285749006784
SGD_lr0.1_do0.1_h256-128,SGD,0.1,0.1,256-128,235914,11,0.04690640228734604,97.89999999999999,27.45787491601368
SGD_lr0.1_do0.1_h256-128,SGD,0.1,0.1,256-128,235914,12,0.045649770853329524,97.99,29.528223374014487
SGD_lr0.1_do0.1_h256-128,SGD,0.1,0.1,256-128,235914,13,0.039818457721434934,97.92999999999999,31.733255207014736
SGD_lr0.1_do0.1_h256-128,SGD,0.1,0.1,256-128,235914,14,0.037328295070280786,98.0,34.16906829002255
SGD_lr0.1_do0.1_h256-128,SGD,0.1,0.1,256-128,235914,15,0.032932779919594916,97.92,36.41519637402962
SGD_lr0.1_do0.1_h256-128,SGD,0.1,0.1,256-128,235914,16,0.032541980346020655,98.02,38.461197124022874
SGD_lr0.1_do0.1_h256-128,SGD,0.1,0.1,256-128,235914,17,0.030630942310717463,97.98,40.2944198330224
SGD_lr0.1_do0.1_h256-128,SGD,0.1,0.1,256-128,235914,18,0.027913353178129246,97.95,42.1455522080214
SGD_lr0.1_do0.1_h256-128,SGD,0.1,0.1,256-128,235914,19,0.027835819887720756,98.06,43.78518354201515
SGD_lr0.1_do0.1_h256-128,SGD,0.1,0.1,256-128,235914,20,0.023277084565941665,97.96000000000001,45.51076570802252
SGD_lr0.1_do0.2_h512-256,SGD,0.1,0.2,512-256,537354,1,0.3964732228438751,95.41,2.943650458997581
SGD_lr0.1_do0.2_h512-256,SGD,0.1,0.2,512-256,537354,2,0.19827440186455547,96.45,6.023421749996487
SGD_lr0.1_do0.2_h512-256,SGD,0.1,0.2,512-256,537354,3,0.1517086874102464,96.98,9.268413499987219
SGD_lr0.1_do0.2_h512-256,SGD,0.1,0.2,512-256,537354,4,0.1243230065757532,97.27,12.297543207983836
SGD_lr0.1_do0.2_h512-256,SGD,0.1,0.2,512-256,537354,5,0.10517600962837359,97.44,15.238735874983831
SGD_lr0.1_do0.2_h512-256,SGD,0.1,0.2,512-256,537354,6,0.09333141938749112,97.54,18.450324040983105
SGD_lr0.1_do0.2_h512-256,SGD,0.1,0.2,512-256,537354,7,0.08142007957501494,97.64,21.48110799898859
SGD_lr0.1_do0.2_h512-256,SGD,0.1,0.2,512-256,537354,8,0.07295523850846786,98.0,24.47984937399451
SGD_lr0.1_do0.2_h512-256,SGD,0.1,0.2,512-256,537354,9,0.06715172575880266,97.87,27.321762373991078
SGD_lr0.1_do0.2_h512-256,SGD,0.1,0.2,512-256,537354,10,0.06231762084425748,97.96000000000001,30.36891929099511
SGD_lr0.1_do0.2_h512-256,SGD,0.1,0.2,512-256,537354,11,0.05745053483293737,97.94,33.18872549898515
SGD_lr0.1_do0.2_h512-256,SGD,0.1,0.2,512-256,537354,12,0.051423420662770294,98.03,35.856632206981885
SGD_lr0.1_do0.2_h512-256,SGD,0.1,0.2,512-256,537354,13,0.047677265617423775,98.07000000000001,38.73330187298416
SGD_lr0.1_do0.2_h512-256,SGD,0.1,0.2,512-256,537354,14,0.04312174775140547,98.13,41.421299289984745
SGD_lr0.1_do0.2_h512-256,SGD,0.1,0.2,512-256,537354,15,0.04150144503326012,98.24000000000001,44.10842878998665
SGD_lr0.1_do0.2_h512-256,SGD,0.1,0.2,512-256,537354,16,0.03836337238755028,98.19,46.784421331991325
SGD_lr0.1_do0.2_h512-256,SGD,0.1,0.2,512-256,537354,17,0.03564018716561924,98.21,49.578468581996276
SGD_lr0.1_do0.2_h512-256,SGD,0.1,0.2,512-256,537354,18,0.0328476774842613,98.18,52.425332790997345
SGD_lr0.1_do0.2_h512-256,SGD,0.1,0.2,512-256,537354,19,0.03291563252162448,98.33,55.146011582997744
SGD_lr0.1_do0.2_h512-256,SGD,0.1,0.2,512-256,537354,20,0.029666459176971346,98.28,57.89086779099307
SGD_lr0.1_do0.2_h384-192,SGD,0.1,0.2,384-192,378442,1,0.41269970264919087,95.28,2.312193291989388
SGD_lr0.1_do0.2_h384-192,SGD,0.1,0.2,384-192,378442,2,0.20701972796828708,96.32,4.747991833995911
SGD_lr0.1_do0.2_h384-192,SGD,0.1,0.2,384-192,378442,3,0.1633080606196792,96.88,7.067408916991553
SGD_lr0.1_do0.2_h384-192,SGD,0.1,0.2,384-192,378442,4,0.13408013460712018,97.16,9.415866124996683
SGD_lr0.1_do0.2_h384-192,SGD,0.1,0.2,384-192,378442,5,0.11417864366351352,97.37,11.88819916700595
SGD_lr0.1_do0.2_h384-192,SGD,0.1,0.2,384-192,378442,6,0.0999520206923522,97.50999999999999,14.339273499994306
SGD_lr0.1_do0.2_h384-192,SGD,0.1,0.2,384-192,378442,7,0.09137407519850273,97.54,16.963505457984866
SGD_lr0.1_do0.2_h384-192,SGD,0.1,0.2,384-192,378442,8,0.08166594830010643,97.81,19.712573291981244
SGD_lr0.1_do0.2_h384-192,SGD,0.1,0.2,384-192,378442,9,0.07493789113526078,97.92,22.21815441698709
SGD_lr0.1_do0.2_h384-192,SGD,0.1,0.2,384-192,378442,10,0.06845659204717247,97.89,24.6252889589814
SGD_lr0.1_do0.2_h384-192,SGD,0.1,0.2,384-192,378442,11,0.06540045276921932,98.02,26.97054129197204
SGD_lr0.1_do0.2_h384-192,SGD,0.1,0.2,384-192,378442,12,0.05948301457969575,97.95,29.548689832983655
SGD_lr0.1_do0.2_h384-192,SGD,0.1,0.2,384-192,378442,13,0.05412653881954927,98.1,32.245785291990614
SGD_lr0.1_do0.2_h384-192,SGD,0.1,0.2,384-192,378442,14,0.0509661608608605,98.19,34.7044937509927
SGD_lr0.1_do0.2_h384-192,SGD,0.1,0.2,384-192,378442,15,0.04979039366022447,98.14,37.05571162600245
SGD_lr0.1_do0.2_h384-192,SGD,0.1,0.2,384-192,378442,16,0.0453605796222097,98.18,39.535579167015385
SGD_lr0.1_do0.2_h384-192,SGD,0.1,0.2,384-192,378442,17,0.04122416182681709,98.3,41.92198200002895
SGD_lr0.1_do0.2_h384-192,SGD,0.1,0.2,384-192,378442,18,0.03950403533759564,98.2,44.15921045803407
SGD_lr0.1_do0.2_h384-192,SGD,0.1,0.2,384-192,378442,19,0.03854931396199757,98.22999999999999,46.44699629204115
SGD_lr0.1_do0.2_h384-192,SGD,0.1,0.2,384-192,378442,20,0.035795232737868915,98.22999999999999,48.72354100002849
SGD_lr0.1_do0.2_h256-128,SGD,0.1,0.2,256-128,235914,1,0.46043064154720936,94.69,1.8914391660073306
SGD_lr0.1_do0.2_h256-128,SGD,0.1,0.2,256-128,235914,2,0.23220193837205072,96.25,3.752844583010301
SGD_lr0.1_do0.2_h256-128,SGD,0.1,0.2,256-128,235914,3,0.18259817188840666,96.73,5.775431167014176
SGD_lr0.1_do0.2_h256-128,SGD,0.1,0.2,256-128,235914,4,0.15425201118850534,97.11,7.3318840010033455
SGD_lr0.1_do0.2_h256-128,SGD,0.1,0.2,256-128,235914,5,0.13845186853144192,97.35000000000001,8.935422084003221
SGD_lr0.1_do0.2_h256-128,SGD,0.1,0.2,256-128,235914,6,0.11993751720493381,97.39,10.445666126004653
SGD_lr0.1_do0.2_h256-128,SGD,0.1,0.2,256-128,235914,7,0.11056463197699266,97.66,12.033071251004003
SGD_lr0.1_do0.2_h256-128,SGD,0.1,0.2,256-128,235914,8,0.09851746379213494,97.61999999999999,13.652763334001065
SGD_lr0.1_do0.2_h256-128,SGD,0.1,0.2,256-128,235914,9,0.09161083072429214,97.78999999999999,15.20260254200548
SGD_lr0.1_do0.2_h256-128,SGD,0.1,0.2,256-128,235914,10,0.08615293681875084,97.86,16.72771437499614
SGD_lr0.1_do0.2_h256-128,SGD,0.1,0.2,256-128,235914,11,0.07857553431501965,97.76,18.2775549999933
SGD_lr0.1_do0.2_h256-128,SGD,0.1,0.2,256-128,235914,12,0.07701058476326716,97.85000000000001,19.87830808298895
SGD_lr0.1_do0.2_h256-128,SGD,0.1,0.2,256-128,235914,13,0.0715406654883053,97.89,21.539298916002735
SGD_lr0.1_do0.2_h256-128,SGD,0.1,0.2,256-128,235914,14,0.06763816536774801,97.95,23.09494799899403
SGD_lr0.1_do0.2_h256-128,SGD,0.1,0.2,256-128,235914,15,0.06027110988272634,97.98,24.638490457989974
SGD_lr0.1_do0.2_h256-128,SGD,0.1,0.2,256-128,235914,16,0.060102290870616755,98.07000000000001,26.2074649999995
SGD_lr0.1_do0.2_h256-128,SGD,0.1,0.2,256-128,235914,17,0.056089126640752406,98.06,27.77333512500627
SGD_lr0.1_do0.2_h256-128,SGD,0.1,0.2,256-128,235914,18,0.0536659114064074,98.15,29.344591958011733
SGD_lr0.1_do0.2_h256-128,SGD,0.1,0.2,256-128,235914,19,0.05052206194319803,97.99,30.945210333011346
SGD_lr0.1_do0.2_h256-128,SGD,0.1,0.2,256-128,235914,20,0.04733893977054105,98.11999999999999,32.548332333011786
Adam_lr0.0005_do0.0_h512-256,Adam,0.0005,0.0,512-256,537354,1,0.2526987586430934,96.97,3.796863667012076
Adam_lr0.0005_do0.0_h512-256,Adam,0.0005,0.0,512-256,537354,2,0.08661800651685285,97.34,7.553253250021953
Adam_lr0.0005_do0.0_h512-256,Adam,0.0005,0.0,512-256,537354,3,0.04886470152373893,97.68,11.399419083027169
Adam_lr0.0005_do0.0_h512-256,Adam,0.0005,0.0,512-256,537354,4,0.030412065685963722,97.86,15.199469792030868
Adam_lr0.0005_do0.0_h512-256,Adam,0.0005,0.0,512-256,537354,5,0.020401279158789542,97.75,18.97170970903244
Adam_lr0.0005_do0.0_h512-256,Adam,0.0005,0.0,512-256,537354,6,0.014846943069714527,97.82,22.691552543023136
Adam_lr0.0005_do0.0_h512-256,Adam,0.0005,0.0,512-256,537354,7,0.011490137553721722,97.89999999999999,26.61226991802687
Adam_lr0.0005_do0.0_h512-256,Adam,0.0005,0.0,512-256,537354,8,0.009981068103449479,97.8,30.554214085030253
Adam_lr0.0005_do0.0_h512-256,Adam,0.0005,0.0,512-256,537354,9,0.009174299769716154,97.88,34.41463054303313
Adam_lr0.0005_do0.0_h512-256,Adam,0.0005,0.0,512-256,537354,10,0.009765662962963387,97.43,38.21212946002197
Adam_lr0.0005_do0.0_h512-256,Adam,0.0005,0.0,512-256,537354,11,0.01083896137331602,97.85000000000001,42.38518425101938
Adam_lr0.0005_do0.0_h512-256,Adam,0.0005,0.0,512-256,537354,12,0.006811959480303611,98.11,46.42745587602258
Adam_lr0.0005_do0.0_h512-256,Adam,0.0005,0.0,512-256,537354,13,0.003920112794103043,98.15,50.51989095902536
Adam_lr0.0005_do0.0_h512-256,Adam,0.0005,0.0,512-256,537354,14,0.005895827788421453,97.87,54.556209084024886
Adam_lr0.0005_do0.0_h512-256,Adam,0.0005,0.0,512-256,537354,15,0.012766541309984728,98.13,58.524050668027485
Adam_lr0.0005_do0.0_h512-256,Adam,0.0005,0.0,512-256,537354,16,0.004882419069597377,98.38,62.57539608502702
Adam_lr0.0005_do0.0_h512-256,Adam,0.0005,0.0,512-256,537354,17,0.0036525503122163327,98.11,66.52207479302888
Adam_lr0.0005_do0.0_h512-256,Adam,0.0005,0.0,512-256,537354,18,0.0033887069290316233,98.04,70.33824050101975
Adam_lr0.0005_do0.0_h512-256,Adam,0.0005,0.0,512-256,537354,19,0.00696102477571007,97.96000000000001,74.07153041801939
Adam_lr0.0005_do0.0_h512-256,Adam,0.0005,0.0,512-256,537354,20,0.0052742899952279544,97.92,77.92663858502056
Adam_lr0.0005_do0.0_h384-192,Adam,0.0005,0.0,384-192,378442,1,0.2735411802577619,96.82,2.8978647910116706
Adam_lr0.0005_do0.0_h384-192,Adam,0.0005,0.0,384-192,378442,2,0.09497831181118456,97.37,5.877882958011469
Adam_lr0.0005_do0.0_h384-192,Adam,0.0005,0.0,384-192,378442,3,0.057027911287067024,97.50999999999999,8.811724583007162
Adam_lr0.0005_do0.0_h384-192,Adam,0.0005,0.0,384-192,378442,4,0.036241795078121475,97.71,11.766106958006276
Adam_lr0.0005_do0.0_h384-192,Adam,0.0005,0.0,384-192,378442,5,0.023686734980234193,97.74000000000001,14.824820875015575
Adam_lr0.0005_do0.0_h384-192,Adam,0.0005,0.0,384-192,378442,6,0.01701434807940512,97.95,17.82140262502071
Adam_lr0.0005_do0.0_h384-192,Adam,0.0005,0.0,384-192,378442,7,0.012827758411705668,97.91,20.931214208016172
Adam_lr0.0005_do0.0_h384-192,Adam,0.0005,0.0,384-192,378442,8,0.01021215216603962,97.88,23.9262908330129
Adam_lr0.0005_do0.0_h384-192,Adam,0.0005,0.0,384-192,378442,9,0.009493811481809628,97.8,26.998044250009116
Adam_lr0.0005_do0.0_h384-192,Adam,0.0005,0.0,384-192,378442,10,0.008444909148579151,97.98,29.960964083016734
Adam_lr0.0005_do0.0_h384-192,Adam,0.0005,0.0,384-192,378442,11,0.008579873205369546,97.85000000000001,32.90836583300552
Adam_lr0.0005_do0.0_h384-192,Adam,0.0005,0.0,384-192,378442,12,0.008994303610738387,97.82,35.90308983299474
Adam_lr0.0005_do0.0_h384-192,Adam,0.0005,0.0,384-192,378442,13,0.005995647728645623,97.8,38.98480274899339
Adam_lr0.0005_do0.0_h384-192,Adam,0.0005,0.0,384-192,378442,14,0.005862789395797909,97.92999999999999,41.98348474899831
Adam_lr0.0005_do0.0_h384-192,Adam,0.0005,0.0,384-192,378442,15,0.006568431658859936,97.56,44.98991470799956
Adam_lr0.0005_do0.0_h384-192,Adam,0.0005,0.0,384-192,378442,16,0.007207566055608823,97.76,48.060959207999986
Adam_lr0.0005_do0.0_h384-192,Adam,0.0005,0.0,384-192,378442,17,0.005152880604339355,98.03,51.154378874998656
Adam_lr0.0005_do0.0_h384-192,Adam,0.0005,0.0,384-192,378442,18,0.004118674883224641,97.84,54.372009041995625
Adam_lr0.0005_do0.0_h384-192,Adam,0.0005,0.0,384-192,378442,19,0.0040495993932638695,98.0,57.51646804199845
Adam_lr0.0005_do0.0_h384-192,Adam,0.0005,0.0,384-192,378442,20,0.005238362547383853,98.00999999999999,60.65192216700234
Adam_lr0.0005_do0.0_h256-128,Adam,0.0005,0.0,256-128,235914,1,0.3269151340997286,96.27,2.1802827089995844
Adam_lr0.0005_do0.0_h256-128,Adam,0.0005,0.0,256-128,235914,2,0.11686314986875358,97.32,4.426773958999547
Adam_lr0.0005_do0.0_h256-128,Adam,0.0005,0.0,256-128,235914,3,0.0733520335458067,97.53,6.630888625993975
Adam_lr0.0005_do0.0_h256-128,Adam,0.0005,0.0,256-128,235914,4,0.04880024826579278,97.75,8.814476042985916
Adam_lr0.0005_do0.0_h256-128,Adam,0.0005,0.0,256-128,235914,5,0.033306009260048626,97.67,10.938352334982483
Adam_lr0.0005_do0.0_h256-128,Adam,0.0005,0.0,256-128,235914,6,0.024200185338065065,97.87,13.059176209979341
Adam_lr0.0005_do0.0_h256-128,Adam,0.0005,0.0,256-128,235914,7,0.017242685363143755,97.96000000000001,15.290451251988998
Adam_lr0.0005_do0.0_h256-128,Adam,0.0005,0.0,256-128,235914,8,0.014121740206407406,97.78999999999999,17.548098543978995
Adam_lr0.0005_do0.0_h256-128,Adam,0.0005,0.0,256-128,235914,9,0.011716242054899679,97.87,19.70083871098177
Adam_lr0.0005_do0.0_h256-128,Adam,0.0005,0.0,256-128,235914,10,0.010501634369259301,97.84,21.843488919985248
Adam_lr0.0005_do0.0_h256-128,Adam,0.0005,0.0,256-128,235914,11,0.0089168955941431,97.78999999999999,23.9490785029775
Adam_lr0.0005_do0.0_h256-128,Adam,0.0005,0.0,256-128,235914,12,0.008108672160894963,97.91,26.00520850297471
Adam_lr0.0005_do0.0_h256-128,Adam,0.0005,0.0,256-128,235914,13,0.007503052428607372,97.78999999999999,28.127332543983357
Adam_lr0.0005_do0.0_h256-128,Adam,0.0005,0.0,256-128,235914,14,0.006483091951026719,97.98,30.241127127985237
Adam_lr0.0005_do0.0_h256-128,Adam,0.0005,0.0,256-128,235914,15,0.005565976767578673,97.92,32.27599391998956
Adam_lr0.0005_do0.0_h256-128,Adam,0.0005,0.0,256-128,235914,16,0.008198883454854613,97.72,34.381908128998475
Adam_lr0.0005_do0.0_h256-128,Adam,0.0005,0.0,256-128,235914,17,0.009735817319615607,97.72999999999999,36.535129628988216
Adam_lr0.0005_do0.0_h256-128,Adam,0.0005,0.0,256-128,235914,18,0.00579816627273083,98.03,38.56652600398229
Adam_lr0.0005_do0.0_h256-128,Adam,0.0005,0.0,256-128,235914,19,0.004286311804982101,98.16,40.87121692097571
Adam_lr0.0005_do0.0_h256-128,Adam,0.0005,0.0,256-128,235914,20,0.002167900432676262,98.02,42.868234711975674
Adam_lr0.0005_do0.1_h512-256,Adam,0.0005,0.1,512-256,537354,1,0.2980171478582437,96.73,3.7010326250019716
Adam_lr0.0005_do0.1_h512-256,Adam,0.0005,0.1,512-256,537354,2,0.11641526343590465,97.38,7.4358326670044335
Adam_lr0.0005_do0.1_h512-256,Adam,0.0005,0.1,512-256,537354,3,0.0754377949876696,97.86,11.174573666998185
Adam_lr0.0005_do0.1_h512-256,Adam,0.0005,0.1,512-256,537354,4,0.052119286769324626,97.86,14.851919249995262
Adam_lr0.0005_do0.1_h512-256,Adam,0.0005,0.1,512-256,537354,5,0.041123670207267315,98.05,18.491807208993123
Adam_lr0.0005_do0.1_h512-256,Adam,0.0005,0.1,512-256,537354,6,0.033196658240201314,97.97,22.30363683399628
Adam_lr0.0005_do0.1_h512-256,Adam,0.0005,0.1,512-256,537354,7,0.026202376187165765,98.11,25.94564691699634
Adam_lr0.0005_do0.1_h512-256,Adam,0.0005,0.1,512-256,537354,8,0.021724899685768007,98.03,29.708647499996005
Adam_lr0.0005_do0.1_h512-256,Adam,0.0005,0.1,512-256,537354,9,0.018816320628667147,98.17,33.47154720799881
Adam_lr0.0005_do0.1_h512-256,Adam,0.0005,0.1,512-256,537354,10,0.016605843188005398,97.76,37.287456291000126
Adam_lr0.0005_do0.1_h512-256,Adam,0.0005,0.1,512-256,537354,11,0.01597312259670662,98.13,41.00971495700651
Adam_lr0.0005_do0.1_h512-256,Adam,0.0005,0.1,512-256,537354,12,0.014059979025030207,98.13,44.67563504001009
Adam_lr0.0005_do0.1_h512-256,Adam,0.0005,0.1,512-256,537354,13,0.012958275677137527,97.97,48.48031283200544
Adam_lr0.0005_do0.1_h512-256,Adam,0.0005,0.1,512-256,537354,14,0.014598920543891884,98.28,52.1523459989985
Adam_lr0.0005_do0.1_h512-256,Adam,0.0005,0.1,512-256,537354,15,0.010321697315186344,98.15,55.881075790995965
Adam_lr0.0005_do0.1_h512-256,Adam,0.0005,0.1,512-256,537354,16,0.010614142113840203,98.22999999999999,59.560050582003896
Adam_lr0.0005_do0.1_h512-256,Adam,0.0005,0.1,512-256,537354,17,0.01056980569914313,98.24000000000001,63.463250122993486
Adam_lr0.0005_do0.1_h512-256,Adam,0.0005,0.1,512-256,537354,18,0.008348049427258098,98.27,67.27845283100032
Adam_lr0.0005_do0.1_h512-256,Adam,0.0005,0.1,512-256,537354,19,0.007336164138892374,98.28,71.0149908309977
Adam_lr0.0005_do0.1_h512-256,Adam,0.0005,0.1,512-256,537354,20,0.008465466275832266,98.22,74.84903620599653
Adam_lr0.0005_do0.1_h384-192,Adam,0.0005,0.1,384-192,378442,1,0.3274664116143134,96.52,2.9070449999999255
Adam_lr0.0005_do0.1_h384-192,Adam,0.0005,0.1,384-192,378442,2,0.12809390325352774,97.22,5.852534292003838
Adam_lr0.0005_do0.1_h384-192,Adam,0.0005,0.1,384-192,378442,3,0.08866822725355192,97.56,8.766301042007399
Adam_lr0.0005_do0.1_h384-192,Adam,0.0005,0.1,384-192,378442,4,0.06398316207821807,97.77,11.760495751004783
Adam_lr0.0005_do0.1_h384-192,Adam,0.0005,0.1,384-192,378442,5,0.04863047214953668,97.89,14.67556854301074
Adam_lr0.0005_do0.1_h384-192,Adam,0.0005,0.1,384-192,378442,6,0.03918518150730137,97.89999999999999,17.60661733400775
Adam_lr0.0005_do0.1_h384-192,Adam,0.0005,0.1,384-192,378442,7,0.0332199137853872,98.0,20.61733925099543
Adam_lr0.0005_do0.1_h384-192,Adam,0.0005,0.1,384-192,378442,8,0.0277892082999871,98.08,23.49201579199871
Adam_lr0.0005_do0.1_h384-192,Adam,0.0005,0.1,384-192,378442,9,0.021840767275910344,97.96000000000001,26.420578499994008
Adam_lr0.0005_do0.1_h384-192,Adam,0.0005,0.1,384-192,378442,10,0.020206352317684025,98.22,29.25853104199632
Adam_lr0.0005_do0.1_h384-192,Adam,0.0005,0.1,384-192,378442,11,0.01851625123929314,97.89,32.158789334003814
Adam_lr0.0005_do0.1_h384-192,Adam,0.0005,0.1,384-192,378442,12,0.0173485183964925,98.05,35.05548116800492
Adam_lr0.0005_do0.1_h384-192,Adam,0.0005,0.1,384-192,378442,13,0.015376619030288143,98.02,37.91290046001086
Adam_lr0.0005_do0.1_h384-192,Adam,0.0005,0.1,384-192,378442,14,0.013370766991663128,97.94,40.71540166801424
Adam_lr0.0005_do0.1_h384-192,Adam,0.0005,0.1,384-192,378442,15,0.01371013782732839,97.98,43.5665926260117
Adam_lr0.0005_do0.1_h384-192,Adam,0.0005,0.1,384-192,378442,16,0.013043183056939392,98.09,46.399728418007726
Adam_lr0.0005_do0.1_h384-192,Adam,0.0005,0.1,384-192,378442,17,0.010845664732055487,98.11999999999999,49.19921325100586
Adam_lr0.0005_do0.1_h384-192,Adam,0.0005,0.1,384-192,378442,18,0.009894253524348258,97.83,52.13789187600196
Adam_lr0.0005_do0.1_h384-192,Adam,0.0005,0.1,384-192,378442,19,0.009906566738852433,98.31,54.968372875999194
Adam_lr0.0005_do0.1_h384-192,Adam,0.0005,0.1,384-192,378442,20,0.011098295005824054,98.11,57.82547125100973
Adam_lr0.0005_do0.1_h256-128,Adam,0.0005,0.1,256-128,235914,1,0.39463742710723476,95.75,1.9021958749945043
Adam_lr0.0005_do0.1_h256-128,Adam,0.0005,0.1,256-128,235914,2,0.15916047127192764,96.94,3.8025929589930456
Adam_lr0.0005_do0.1_h256-128,Adam,0.0005,0.1,256-128,235914,3,0.11073453157581621,97.28999999999999,5.867525541994837
Adam_lr0.0005_do0.1_h256-128,Adam,0.0005,0.1,256-128,235914,4,0.08398191687980923,97.81,7.792477499999222
Adam_lr0.0005_do0.1_h256-128,Adam,0.0005,0.1,256-128,235914,5,0.06671227675569281,97.61,9.743971791001968
Adam_lr0.0005_do0.1_h256-128,Adam,0.0005,0.1,256-128,235914,6,0.05599084926928862,97.95,11.741906291004852
Adam_lr0.0005_do0.1_h256-128,Adam,0.0005,0.1,256-128,235914,7,0.04662317160165149,97.96000000000001,13.714460166011122
Adam_lr0.0005_do0.1_h256-128,Adam,0.0005,0.1,256-128,235914,8,0.039148410921829475,97.98,15.929081041016616
Adam_lr0.0005_do0.1_h256-128,Adam,0.0005,0.1,256-128,235914,9,0.03430310410695014,98.05,17.972041833025287
Adam_lr0.0005_do0.1_h256-128,Adam,0.0005,0.1,256-128,235914,10,0.03075469625858296,97.98,20.044161208032165
Adam_lr0.0005_do0.1_h256-128,Adam,0.0005,0.1,256-128,235914,11,0.026877467878740867,98.11,22.00951354103745
Adam_lr0.0005_do0.1_h256-128,Adam,0.0005,0.1,256-128,235914,12,0.0249459659292175,98.04,23.962600583035965
Adam_lr0.0005_do0.1_h256-128,Adam,0.0005,0.1,256-128,235914,13,0.022558727240520042,98.11999999999999,25.90668220803491
Adam_lr0.0005_do0.1_h256-128,Adam,0.0005,0.1,256-128,235914,14,0.021232903715071298,98.22,27.868462541038753
Adam_lr0.0005_do0.1_h256-128,Adam,0.0005,0.1,256-128,235914,15,0.016741799488015793,98.13,29.792381582039525
Adam_lr0.0005_do0.1_h256-128,Adam,0.0005,0.1,256-128,235914,16,0.017245522763991123,98.03,31.820986207036185
Adam_lr0.0005_do0.1_h256-128,Adam,0.0005,0.1,256-128,235914,17,0.01612025877129744,98.28,33.72876204003114
Adam_lr0.0005_do0.1_h256-128,Adam,0.0005,0.1,256-128,235914,18,0.015965756807454108,98.05,35.77950737402716
Adam_lr0.0005_do0.1_h256-128,Adam,0.0005,0.1,256-128,235914,19,0.014895802402278346,98.07000000000001,37.830104374021175
Adam_lr0.0005_do0.1_h256-128,Adam,0.0005,0.1,256-128,235914,20,0.012593770851434103,98.24000000000001,39.80137137402198
Adam_lr0.0005_do0.2_h512-256,Adam,0.0005,0.2,512-256,537354,1,0.35285888897911,96.47,3.437078000002657
Adam_lr0.0005_do0.2_h512-256,Adam,0.0005,0.2,512-256,537354,2,0.14743361779085207,97.22,7.045528415997978
Adam_lr0.0005_do0.2_h512-256,Adam,0.0005,0.2,512-256,537354,3,0.10168958207055866,97.61,10.577240166006959
Adam_lr0.0005_do0.2_h512-256,Adam,0.0005,0.2,512-256,537354,4,0.07572084511939375,97.72999999999999,14.04996824900445
Adam_lr0.0005_do0.2_h512-256,Adam,0.0005,0.2,512-256,537354,5,0.06029849415723628,97.96000000000001,17.659076915006153
Adam_lr0.0005_do0.2_h512-256,Adam,0.0005,0.2,512-256,537354,6,0.05142099759508629,97.88,21.23715324800287
Adam_lr0.0005_do0.2_h512-256,Adam,0.0005,0.2,512-256,537354,7,0.04234264114806328,98.11,24.795364163990598
Adam_lr0.0005_do0.2_h512-256,Adam,0.0005,0.2,512-256,537354,8,0.0356412030073288,98.14,28.322159746996476
Adam_lr0.0005_do0.2_h512-256,Adam,0.0005,0.2,512-256,537354,9,0.03257213920808427,98.1,31.94970687200839
Adam_lr0.0005_do0.2_h512-256,Adam,0.0005,0.2,512-256,537354,10,0.03002938056503785,98.05,35.47291091301304
Adam_lr0.0005_do0.2_h512-256,Adam,0.0005,0.2,512-256,537354,11,0.026497479355496727,98.13,39.03040491300635
Adam_lr0.0005_do0.2_h512-256,Adam,0.0005,0.2,512-256,537354,12,0.02272792598470659,98.21,42.660811620997265
Adam_lr0.0005_do0.2_h512-256,Adam,0.0005,0.2,512-256,537354,13,0.02197818361187167,98.17,46.16195395500108
Adam_lr0.0005_do0.2_h512-256,Adam,0.0005,0.2,512-256,537354,14,0.020905617519310082,98.27,49.71600849699462
Adam_lr0.0005_do0.2_h512-256,Adam,0.0005,0.2,512-256,537354,15,0.017515231711980696,98.34,53.24390537198633
Adam_lr0.0005_do0.2_h512-256,Adam,0.0005,0.2,512-256,537354,16,0.017041922386108913,98.37,56.88592687199707
Adam_lr0.0005_do0.2_h512-256,Adam,0.0005,0.2,512-256,537354,17,0.017169783598633435,98.2,60.49934512199252
Adam_lr0.0005_do0.2_h512-256,Adam,0.0005,0.2,512-256,537354,18,0.014283171537867921,98.36,64.07905224699061
Adam_lr0.0005_do0.2_h512-256,Adam,0.0005,0.2,512-256,537354,19,0.014043258767638062,98.31,67.81736083098804
Adam_lr0.0005_do0.2_h512-256,Adam,0.0005,0.2,512-256,537354,20,0.013881214584637282,98.36,71.34676670598856
Adam_lr0.0005_do0.2_h384-192,Adam,0.0005,0.2,384-192,378442,1,0.3908876486780997,96.04,2.731764124997426
Adam_lr0.0005_do0.2_h384-192,Adam,0.0005,0.2,384-192,378442,2,0.16378870154735398,97.11999999999999,5.464002583990805
Adam_lr0.0005_do0.2_h384-192,Adam,0.0005,0.2,384-192,378442,3,0.11904456736633937,97.39,8.16221341698838
Adam_lr0.0005_do0.2_h384-192,Adam,0.0005,0.2,384-192,378442,4,0.09100485187514402,97.68,10.939434000989422
Adam_lr0.0005_do0.2_h384-192,Adam,0.0005,0.2,384-192,378442,5,0.07310974122327929,97.89,13.601839083989034
Adam_lr0.0005_do0.2_h384-192,Adam,0.0005,0.2,384-192,378442,6,0.0611505971815904,97.96000000000001,16.267532917991048
Adam_lr0.0005_do0.2_h384-192,Adam,0.0005,0.2,384-192,378442,7,0.054545889530057214,97.99,19.020665459000156
Adam_lr0.0005_do0.2_h384-192,Adam,0.0005,0.2,384-192,378442,8,0.045774119962719566,98.11,21.71447137600626
Adam_lr0.0005_do0.2_h384-192,Adam,0.0005,0.2,384-192,378442,9,0.04097780836830523,98.11,25.962672126013786
Adam_lr0.0005_do0.2_h384-192,Adam,0.0005,0.2,384-192,378442,10,0.03580069980280434,98.11999999999999,29.699424417020055
Adam_lr0.0005_do0.2_h384-192,Adam,0.0005,0.2,384-192,378442,11,0.03384986343298409,98.16,37.406173584022326
Adam_lr0.0005_do0.2_h384-192,Adam,0.0005,0.2,384-192,378442,12,0.03011674502279843,98.25,44.041342626020196
Adam_lr0.0005_do0.2_h384-192,Adam,0.0005,0.2,384-192,378442,13,0.02653025466381164,98.15,52.13960441702511
Adam_lr0.0005_do0.2_h384-192,Adam,0.0005,0.2,384-192,378442,14,0.02457738451952391,98.21,59.52621383302903
Adam_lr0.0005_do0.2_h384-192,Adam,0.0005,0.2,384-192,378442,15,0.024156657412832717,98.19,67.77506949903909
Adam_lr0.0005_do0.2_h384-192,Adam,0.0005,0.2,384-192,378442,16,0.022137804306475443,98.28,75.57505833204777
Adam_lr0.0005_do0.2_h384-192,Adam,0.0005,0.2,384-192,378442,17,0.01947370403035137,98.29,81.07583716603403
Adam_lr0.0005_do0.2_h384-192,Adam,0.0005,0.2,384-192,378442,18,0.0206762027222309,98.29,86.54496637402917
Adam_lr0.0005_do0.2_h384-192,Adam,0.0005,0.2,384-192,378442,19,0.01705476045143382,98.16,91.69629124902713
Adam_lr0.0005_do0.2_h384-192,Adam,0.0005,0.2,384-192,378442,20,0.016737051358449627,98.33,95.4112204570265
Adam_lr0.0005_do0.2_h256-128,Adam,0.0005,0.2,256-128,235914,1,0.4753321003974128,95.25,2.8145674590050476
Adam_lr0.0005_do0.2_h256-128,Adam,0.0005,0.2,256-128,235914,2,0.20151171146780705,96.67999999999999,5.158899501009728
Adam_lr0.0005_do0.2_h256-128,Adam,0.0005,0.2,256-128,235914,3,0.14778079296186875,97.04,7.328567959004431
Adam_lr0.0005_do0.2_h256-128,Adam,0.0005,0.2,256-128,235914,4,0.11602920518940397,97.63,9.470854458995746
Adam_lr0.0005_do0.2_h256-128,Adam,0.0005,0.2,256-128,235914,5,0.09913518104480536,97.65,11.560255291988142
Adam_lr0.0005_do0.2_h256-128,Adam,0.0005,0.2,256-128,235914,6,0.0826727078234426,97.75,13.796098416991299
Adam_lr0.0005_do0.2_h256-128,Adam,0.0005,0.2,256-128,235914,7,0.07450524817042263,97.87,16.027873125000042
Adam_lr0.0005_do0.2_h256-128,Adam,0.0005,0.2,256-128,235914,8,0.06212826694457303,97.95,18.05392095899151
Adam_lr0.0005_do0.2_h256-128,Adam,0.0005,0.2,256-128,235914,9,0.057516951459882226,98.0,20.03885983399232
Adam_lr0.0005_do0.2_h256-128,Adam,0.0005,0.2,256-128,235914,10,0.05127578502674426,98.04,21.959712000985746
Adam_lr0.0005_do0.2_h256-128,Adam,0.0005,0.2,256-128,235914,11,0.04509468465774365,98.0,23.834184334991733
Adam_lr0.0005_do0.2_h256-128,Adam,0.0005,0.2,256-128,235914,12,0.04440525653389545,98.0,25.720212293002987
Adam_lr0.0005_do0.2_h256-128,Adam,0.0005,0.2,256-128,235914,13,0.0411139662807876,97.95,27.70656545899692
Adam_lr0.0005_do0.2_h256-128,Adam,0.0005,0.2,256-128,235914,14,0.038717201753499096,98.06,29.735134125992772
Adam_lr0.0005_do0.2_h256-128,Adam,0.0005,0.2,256-128,235914,15,0.032266887782948436,98.18,31.97563991700008
Adam_lr0.0005_do0.2_h256-128,Adam,0.0005,0.2,256-128,235914,16,0.03288112418638193,98.11,33.92636666698672
Adam_lr0.0005_do0.2_h256-128,Adam,0.0005,0.2,256-128,235914,17,0.02928849957950636,98.15,35.824147249993985
Adam_lr0.0005_do0.2_h256-128,Adam,0.0005,0.2,256-128,235914,18,0.02911243959772353,98.14,37.63068829198892
Adam_lr0.0005_do0.2_h256-128,Adam,0.0005,0.2,256-128,235914,19,0.02713593462175887,98.04,39.4671657079889
Adam_lr0.0005_do0.2_h256-128,Adam,0.0005,0.2,256-128,235914,20,0.024445116328000994,98.4,43.63952737399086
Adam_lr0.001_do0.0_h512-256,Adam,0.001,0.0,512-256,537354,1,0.20211403593212426,97.05,4.352156291992287
Adam_lr0.001_do0.0_h512-256,Adam,0.001,0.0,512-256,537354,2,0.07311475950421169,97.42,9.026456916995812
Adam_lr0.001_do0.0_h512-256,Adam,0.001,0.0,512-256,537354,3,0.04343459359733633,97.63,13.604052458002116
Adam_lr0.001_do0.0_h512-256,Adam,0.001,0.0,512-256,537354,4,0.029820973673937236,97.64,17.73725745800766
Adam_lr0.001_do0.0_h512-256,Adam,0.001,0.0,512-256,537354,5,0.020671308042272393,98.00999999999999,21.310536124015925
Adam_lr0.001_do0.0_h512-256,Adam,0.001,0.0,512-256,537354,6,0.01768918950260197,97.7,24.9880255410244
Adam_lr0.001_do0.0_h512-256,Adam,0.001,0.0,512-256,537354,7,0.014455840598891719,97.58,28.908488625020254
Adam_lr0.001_do0.0_h512-256,Adam,0.001,0.0,512-256,537354,8,0.014696813331582254,97.8,32.58581995802524
Adam_lr0.001_do0.0_h512-256,Adam,0.001,0.0,512-256,537354,9,0.010694183881820567,98.09,36.37839212502877
Adam_lr0.001_do0.0_h512-256,Adam,0.001,0.0,512-256,537354,10,0.013298726960638281,97.69,40.879769584018504
Adam_lr0.001_do0.0_h512-256,Adam,0.001,0.0,512-256,537354,11,0.009765147070007058,98.05,45.06540645901987
Adam_lr0.001_do0.0_h512-256,Adam,0.001,0.0,512-256,537354,12,0.009841227790600017,97.82,48.76794054202037
Adam_lr0.001_do0.0_h512-256,Adam,0.001,0.0,512-256,537354,13,0.007215128428342343,98.11999999999999,52.53442645801988
Adam_lr0.001_do0.0_h512-256,Adam,0.001,0.0,512-256,537354,14,0.00840599538070773,98.09,56.27742404102173
Adam_lr0.001_do0.0_h512-256,Adam,0.001,0.0,512-256,537354,15,0.00968903929462158,98.00999999999999,60.52363262401195
Adam_lr0.001_do0.0_h512-256,Adam,0.001,0.0,512-256,537354,16,0.00843406345398771,98.0,64.632875832016
Adam_lr0.001_do0.0_h512-256,Adam,0.001,0.0,512-256,537354,17,0.007769189019828561,97.71,68.49195916501048
Adam_lr0.001_do0.0_h512-256,Adam,0.001,0.0,512-256,537354,18,0.004676306358286752,97.97,72.30231320700841
Adam_lr0.001_do0.0_h512-256,Adam,0.001,0.0,512-256,537354,19,0.00327440442332204,98.4,76.54503228999965
Adam_lr0.001_do0.0_h512-256,Adam,0.001,0.0,512-256,537354,20,0.004297325998573708,98.08,80.71180591499433
Adam_lr0.001_do0.0_h384-192,Adam,0.001,0.0,384-192,378442,1,0.21529111092550132,97.04,2.863304665996111
Adam_lr0.001_do0.0_h384-192,Adam,0.001,0.0,384-192,378442,2,0.07677949789705879,97.36,5.766504957995494
Adam_lr0.001_do0.0_h384-192,Adam,0.001,0.0,384-192,378442,3,0.04825518060555422,97.49,8.846551832990372
Adam_lr0.001_do0.0_h384-192,Adam,0.001,0.0,384-192,378442,4,0.03144691050734204,98.0,11.785145417001331
Adam_lr0.001_do0.0_h384-192,Adam,0.001,0.0,384-192,378442,5,0.022735361211042197,97.53,14.73348670800624
Adam_lr0.001_do0.0_h384-192,Adam,0.001,0.0,384-192,378442,6,0.017205699701882862,97.72999999999999,17.754960040998412
Adam_lr0.001_do0.0_h384-192,Adam,0.001,0.0,384-192,378442,7,0.014661605084659484,97.87,20.73705670799245
Adam_lr0.001_do0.0_h384-192,Adam,0.001,0.0,384-192,378442,8,0.016614863587508293,97.61,23.87400474898459
Adam_lr0.001_do0.0_h384-192,Adam,0.001,0.0,384-192,378442,9,0.0149044927087254,97.92999999999999,27.16527341498295
Adam_lr0.001_do0.0_h384-192,Adam,0.001,0.0,384-192,378442,10,0.007572469558581074,98.14,30.327466206988902
Adam_lr0.001_do0.0_h384-192,Adam,0.001,0.0,384-192,378442,11,0.008347398016361448,97.92999999999999,33.51517370698275
Adam_lr0.001_do0.0_h384-192,Adam,0.001,0.0,384-192,378442,12,0.012601034504227256,98.03,36.72654833197885
Adam_lr0.001_do0.0_h384-192,Adam,0.001,0.0,384-192,378442,13,0.012383457306164523,97.83,39.86522349898587
Adam_lr0.001_do0.0_h384-192,Adam,0.001,0.0,384-192,378442,14,0.009904998610053813,97.8,42.886672581982566
Adam_lr0.001_do0.0_h384-192,Adam,0.001,0.0,384-192,378442,15,0.0044381714906868335,97.89,45.9953921649867
Adam_lr0.001_do0.0_h384-192,Adam,0.001,0.0,384-192,378442,16,0.005508501848896089,98.00999999999999,49.07815128998482
Adam_lr0.001_do0.0_h384-192,Adam,0.001,0.0,384-192,378442,17,0.006346990717670345,97.99,52.104644789986196
Adam_lr0.001_do0.0_h384-192,Adam,0.001,0.0,384-192,378442,18,0.008769770374926962,97.89999999999999,55.08239778998541
Adam_lr0.001_do0.0_h384-192,Adam,0.001,0.0,384-192,378442,19,0.006102025695483429,97.89999999999999,58.06556358198577
Adam_lr0.001_do0.0_h384-192,Adam,0.001,0.0,384-192,378442,20,0.006192233254695237,98.03,61.17015987398918
Adam_lr0.001_do0.0_h256-128,Adam,0.001,0.0,256-128,235914,1,0.24700449533750465,96.77,2.0945551660115598
Adam_lr0.001_do0.0_h256-128,Adam,0.001,0.0,256-128,235914,2,0.08871341693052809,97.50999999999999,4.262379083011183
Adam_lr0.001_do0.0_h256-128,Adam,0.001,0.0,256-128,235914,3,0.055112351479541084,97.53,6.482785791013157
Adam_lr0.001_do0.0_h256-128,Adam,0.001,0.0,256-128,235914,4,0.03706100233071948,97.78,8.754119833014556
Adam_lr0.001_do0.0_h256-128,Adam,0.001,0.0,256-128,235914,5,0.02527251932872535,97.84,10.973212375014555
Adam_lr0.001_do0.0_h256-128,Adam,0.001,0.0,256-128,235914,6,0.02102444970925611,97.63,13.14744383301877
Adam_lr0.001_do0.0_h256-128,Adam,0.001,0.0,256-128,235914,7,0.016852558416730883,97.76,15.23019166602171
Adam_lr0.001_do0.0_h256-128,Adam,0.001,0.0,256-128,235914,8,0.014772220670679086,97.83,17.34201420802856
Adam_lr0.001_do0.0_h256-128,Adam,0.001,0.0,256-128,235914,9,0.011086724652733141,97.94,19.409720083029242
Adam_lr0.001_do0.0_h256-128,Adam,0.001,0.0,256-128,235914,10,0.011584200330592218,97.95,21.47494695802743
Adam_lr0.001_do0.0_h256-128,Adam,0.001,0.0,256-128,235914,11,0.008032487337861074,97.97,23.528944917037734
Adam_lr0.001_do0.0_h256-128,Adam,0.001,0.0,256-128,235914,12,0.011401379064392902,97.67,25.701673917035805
Adam_lr0.001_do0.0_h256-128,Adam,0.001,0.0,256-128,235914,13,0.008574450050894224,98.03,27.806515500036767
Adam_lr0.001_do0.0_h256-128,Adam,0.001,0.0,256-128,235914,14,0.009032424510483006,97.98,29.896355292046792
Adam_lr0.001_do0.0_h256-128,Adam,0.001,0.0,256-128,235914,15,0.009006422860297791,98.0,31.937700125039555
Adam_lr0.001_do0.0_h256-128,Adam,0.001,0.0,256-128,235914,16,0.00873975017465606,98.02,34.01688066605129
Adam_lr0.001_do0.0_h256-128,Adam,0.001,0.0,256-128,235914,17,0.006989586972593003,98.11999999999999,36.106282041044324
Adam_lr0.001_do0.0_h256-128,Adam,0.001,0.0,256-128,235914,18,0.005616354673656852,97.95,38.31479500004207
Adam_lr0.001_do0.0_h256-128,Adam,0.001,0.0,256-128,235914,19,0.004884360950464709,98.08,40.3605123750458
Adam_lr0.001_do0.0_h256-128,Adam,0.001,0.0,256-128,235914,20,0.007050060863217023,97.94,42.482111833043746
Adam_lr0.001_do0.1_h512-256,Adam,0.001,0.1,512-256,537354,1,0.2344241840835283,97.02,3.5365686250006547
Adam_lr0.001_do0.1_h512-256,Adam,0.001,0.1,512-256,537354,2,0.09462284185457728,97.27,7.151599333010381
Adam_lr0.001_do0.1_h512-256,Adam,0.001,0.1,512-256,537354,3,0.06202347919594179,97.77,10.78699362500629
Adam_lr0.001_do0.1_h512-256,Adam,0.001,0.1,512-256,537354,4,0.045325001286107724,97.92999999999999,14.42016366700409
Adam_lr0.001_do0.1_h512-256,Adam,0.001,0.1,512-256,537354,5,0.03670675961856077,97.94,18.007116000997485
Adam_lr0.001_do0.1_h512-256,Adam,0.001,0.1,512-256,537354,6,0.029785180783629833,97.94,21.69144729198888
Adam_lr0.001_do0.1_h512-256,Adam,0.001,0.1,512-256,537354,7,0.023963555494434748,98.03,25.27584766698419
Adam_lr0.001_do0.1_h512-256,Adam,0.001,0.1,512-256,537354,8,0.022600956408995468,98.13,28.887873041981948
Adam_lr0.001_do0.1_h512-256,Adam,0.001,0.1,512-256,537354,9,0.01810986929513949,98.2,32.63829079197603
Adam_lr0.001_do0.1_h512-256,Adam,0.001,0.1,512-256,537354,10,0.01961596770568753,97.91,36.38981524997507
Adam_lr0.001_do0.1_h512-256,Adam,0.001,0.1,512-256,537354,11,0.017463939640211586,98.1,40.07500579196494
Adam_lr0.001_do0.1_h512-256,Adam,0.001,0.1,512-256,537354,12,0.013207654467476664,98.17,43.856102666963125
Adam_lr0.001_do0.1_h512-256,Adam,0.001,0.1,512-256,537354,13,0.01146761727273797,98.15,47.71813308396668
Adam_lr0.001_do0.1_h512-256,Adam,0.001,0.1,512-256,537354,14,0.013972572137860835,98.11999999999999,51.50354695896385
Adam_lr0.001_do0.1_h512-256,Adam,0.001,0.1,512-256,537354,15,0.01099677786615999,98.35000000000001,55.41180816697306
Adam_lr0.001_do0.1_h512-256,Adam,0.001,0.1,512-256,537354,16,0.014635150294330143,98.22,59.3955577089655
Adam_lr0.001_do0.1_h512-256,Adam,0.001,0.1,512-256,537354,17,0.011680315141247346,98.15,63.155897708958946
Adam_lr0.001_do0.1_h512-256,Adam,0.001,0.1,512-256,537354,18,0.009938400736468726,98.18,66.97798983396206
Adam_lr0.001_do0.1_h512-256,Adam,0.001,0.1,512-256,537354,19,0.008124748462683342,98.31,70.7863664169563
Adam_lr0.001_do0.1_h512-256,Adam,0.001,0.1,512-256,537354,20,0.00871921218838261,98.08,74.58067570796993
Adam_lr0.001_do0.1_h384-192,Adam,0.001,0.1,384-192,378442,1,0.2525330375292524,97.16,3.009000416001072
Adam_lr0.001_do0.1_h384-192,Adam,0.001,0.1,384-192,378442,2,0.10194696837697653,97.39,5.973643831996014
Adam_lr0.001_do0.1_h384-192,Adam,0.001,0.1,384-192,378442,3,0.07209781639214546,97.72999999999999,8.923704373984947
Adam_lr0.001_do0.1_h384-192,Adam,0.001,0.1,384-192,378442,4,0.052538509147597556,97.87,12.000818540982436
Adam_lr0.001_do0.1_h384-192,Adam,0.001,0.1,384-192,378442,5,0.04001520419095849,97.91,14.912086457989062
Adam_lr0.001_do0.1_h384-192,Adam,0.001,0.1,384-192,378442,6,0.03331324870006536,97.86,17.801681499986444
Adam_lr0.001_do0.1_h384-192,Adam,0.001,0.1,384-192,378442,7,0.030669025122037747,98.05,20.690640415996313
Adam_lr0.001_do0.1_h384-192,Adam,0.001,0.1,384-192,378442,8,0.02364092049790064,98.16,23.746996998990653
Adam_lr0.001_do0.1_h384-192,Adam,0.001,0.1,384-192,378442,9,0.019838867167123898,98.17,26.689769374002935
Adam_lr0.001_do0.1_h384-192,Adam,0.001,0.1,384-192,378442,10,0.02010156697000564,98.11,29.595961083003203
Adam_lr0.001_do0.1_h384-192,Adam,0.001,0.1,384-192,378442,11,0.01825588805613954,98.13,32.64420224900823
Adam_lr0.001_do0.1_h384-192,Adam,0.001,0.1,384-192,378442,12,0.01680594844216464,98.17,35.621246415001224
Adam_lr0.001_do0.1_h384-192,Adam,0.001,0.1,384-192,378442,13,0.015851013097987386,97.94,38.652644206013065
Adam_lr0.001_do0.1_h384-192,Adam,0.001,0.1,384-192,378442,14,0.015193279042577619,98.06,41.601891039012116
Adam_lr0.001_do0.1_h384-192,Adam,0.001,0.1,384-192,378442,15,0.014131165656383836,97.95,44.50066516401421
Adam_lr0.001_do0.1_h384-192,Adam,0.001,0.1,384-192,378442,16,0.013907916053894206,98.27,47.397702914022375
Adam_lr0.001_do0.1_h384-192,Adam,0.001,0.1,384-192,378442,17,0.011229028144575291,98.2,50.3629559140245
Adam_lr0.001_do0.1_h384-192,Adam,0.001,0.1,384-192,378442,18,0.010577125102504876,98.24000000000001,53.302020831019036
Adam_lr0.001_do0.1_h384-192,Adam,0.001,0.1,384-192,378442,19,0.011865110813980098,98.09,56.16644879001251
Adam_lr0.001_do0.1_h384-192,Adam,0.001,0.1,384-192,378442,20,0.011089350578633785,98.11,59.043832123003085
Adam_lr0.001_do0.1_h256-128,Adam,0.001,0.1,256-128,235914,1,0.2973422935600195,96.59,2.0190034590050345
Adam_lr0.001_do0.1_h256-128,Adam,0.001,0.1,256-128,235914,2,0.12188975457785188,97.21,4.0708829590148525
Adam_lr0.001_do0.1_h256-128,Adam,0.001,0.1,256-128,235914,3,0.08434050472061919,97.61,6.078545417010901
Adam_lr0.001_do0.1_h256-128,Adam,0.001,0.1,256-128,235914,4,0.06571580264516218,97.8,8.072467167017749
Adam_lr0.001_do0.1_h256-128,Adam,0.001,0.1,256-128,235914,5,0.05170310242440281,97.85000000000001,10.060694875021
Adam_lr0.001_do0.1_h256-128,Adam,0.001,0.1,256-128,235914,6,0.042085507808599106,98.07000000000001,12.071695792023093
Adam_lr0.001_do0.1_h256-128,Adam,0.001,0.1,256-128,235914,7,0.036920995767432296,98.15,14.04021758302406
Adam_lr0.001_do0.1_h256-128,Adam,0.001,0.1,256-128,235914,8,0.03125950257569674,97.96000000000001,16.010951333024423
Adam_lr0.001_do0.1_h256-128,Adam,0.001,0.1,256-128,235914,9,0.02788571281901445,97.96000000000001,18.044608625015826
Adam_lr0.001_do0.1_h256-128,Adam,0.001,0.1,256-128,235914,10,0.026264664137963727,98.07000000000001,20.12436175001494
Adam_lr0.001_do0.1_h256-128,Adam,0.001,0.1,256-128,235914,11,0.02148164904421197,98.22,22.161966375017073
Adam_lr0.001_do0.1_h256-128,Adam,0.001,0.1,256-128,235914,12,0.02206335503990296,98.14,24.135890292018303
Adam_lr0.001_do0.1_h256-128,Adam,0.001,0.1,256-128,235914,13,0.01808212921803034,97.97,26.140257959021255
Adam_lr0.001_do0.1_h256-128,Adam,0.001,0.1,256-128,235914,14,0.01917887590339909,98.09,28.25772341802076
Adam_lr0.001_do0.1_h256-128,Adam,0.001,0.1,256-128,235914,15,0.016986582476016178,98.17,30.354826126029366
Adam_lr0.001_do0.1_h256-128,Adam,0.001,0.1,256-128,235914,16,0.015661897885302364,98.02,32.3896829590376
Adam_lr0.001_do0.1_h256-128,Adam,0.001,0.1,256-128,235914,17,0.015594336019194775,98.17,34.42607379204128
Adam_lr0.001_do0.1_h256-128,Adam,0.001,0.1,256-128,235914,18,0.01490708473070058,98.16,36.42809529203805
Adam_lr0.001_do0.1_h256-128,Adam,0.001,0.1,256-128,235914,19,0.013629230529722182,98.15,38.522083833042416
Adam_lr0.001_do0.1_h256-128,Adam,0.001,0.1,256-128,235914,20,0.012309196882768665,98.21,40.639337791042635
Adam_lr0.001_do0.2_h512-256,Adam,0.001,0.2,512-256,537354,1,0.2730588342556778,96.88,3.9127073750132695
Adam_lr0.001_do0.2_h512-256,Adam,0.001,0.2,512-256,537354,2,0.11775897815328626,97.26,7.620893584011355
Adam_lr0.001_do0.2_h512-256,Adam,0.001,0.2,512-256,537354,3,0.08170760403717835,97.78999999999999,11.355383334012004
Adam_lr0.001_do0.2_h512-256,Adam,0.001,0.2,512-256,537354,4,0.061751725315886755,97.84,15.189523876018939
Adam_lr0.001_do0.2_h512-256,Adam,0.001,0.2,512-256,537354,5,0.0515772259746496,98.05,19.340489626018098
Adam_lr0.001_do0.2_h512-256,Adam,0.001,0.2,512-256,537354,6,0.04369261149086285,97.92999999999999,23.260287042008713
Adam_lr0.001_do0.2_h512-256,Adam,0.001,0.2,512-256,537354,7,0.036695255947992826,98.07000000000001,27.053710417007096
Adam_lr0.001_do0.2_h512-256,Adam,0.001,0.2,512-256,537354,8,0.032344269151338645,98.22999999999999,30.74621029199625
Adam_lr0.001_do0.2_h512-256,Adam,0.001,0.2,512-256,537354,9,0.028905008479298985,98.19,34.41565537499264
Adam_lr0.001_do0.2_h512-256,Adam,0.001,0.2,512-256,537354,10,0.027147112289560342,98.24000000000001,38.15217658299662
Adam_lr0.001_do0.2_h512-256,Adam,0.001,0.2,512-256,537354,11,0.026557710504573135,98.19,41.938266874989495
Adam_lr0.001_do0.2_h512-256,Adam,0.001,0.2,512-256,537354,12,0.020999013570874615,98.2,45.65155387499544
Adam_lr0.001_do0.2_h512-256,Adam,0.001,0.2,512-256,537354,13,0.01876398562547752,98.15,49.471531499992125
Adam_lr0.001_do0.2_h512-256,Adam,0.001,0.2,512-256,537354,14,0.021285636519873356,98.25,54.13789545799955
Adam_lr0.001_do0.2_h512-256,Adam,0.001,0.2,512-256,537354,15,0.01757595413932618,98.29,58.01113233299111
Adam_lr0.001_do0.2_h512-256,Adam,0.001,0.2,512-256,537354,16,0.01654967365478492,98.42999999999999,61.94990874998621
Adam_lr0.001_do0.2_h512-256,Adam,0.001,0.2,512-256,537354,17,0.015366358991961697,98.45,65.7098882089922
Adam_lr0.001_do0.2_h512-256,Adam,0.001,0.2,512-256,537354,18,0.014242124697277196,98.45,69.68735383400053
Adam_lr0.001_do0.2_h512-256,Adam,0.001,0.2,512-256,537354,19,0.01301100902428101,98.45,73.49046958400868
Adam_lr0.001_do0.2_h512-256,Adam,0.001,0.2,512-256,537354,20,0.013358797775079942,98.34,77.26225070901273
Adam_lr0.001_do0.2_h384-192,Adam,0.001,0.2,384-192,378442,1,0.2986450149488715,96.89,2.883226999998442
Adam_lr0.001_do0.2_h384-192,Adam,0.001,0.2,384-192,378442,2,0.1292536063649051,97.43,5.6910974999918835
Adam_lr0.001_do0.2_h384-192,Adam,0.001,0.2,384-192,378442,3,0.0946761220175295,97.75,8.46871433299384
Adam_lr0.001_do0.2_h384-192,Adam,0.001,0.2,384-192,378442,4,0.0729211496551287,97.85000000000001,11.423400123996544
Adam_lr0.001_do0.2_h384-192,Adam,0.001,0.2,384-192,378442,5,0.05834684548220056,97.88,14.280190331992344
Adam_lr0.001_do0.2_h384-192,Adam,0.001,0.2,384-192,378442,6,0.04904535149660288,98.2,17.13781179000216
Adam_lr0.001_do0.2_h384-192,Adam,0.001,0.2,384-192,378442,7,0.04621193666542722,98.07000000000001,19.965208582012565
Adam_lr0.001_do0.2_h384-192,Adam,0.001,0.2,384-192,378442,8,0.037185242240164854,98.31,22.761669790008455
Adam_lr0.001_do0.2_h384-192,Adam,0.001,0.2,384-192,378442,9,0.03454885282625846,98.11,25.646407165011624
Adam_lr0.001_do0.2_h384-192,Adam,0.001,0.2,384-192,378442,10,0.030205583193678696,98.29,28.419224874014617
Adam_lr0.001_do0.2_h384-192,Adam,0.001,0.2,384-192,378442,11,0.02825036373700422,98.22999999999999,31.22349870701146
Adam_lr0.001_do0.2_h384-192,Adam,0.001,0.2,384-192,378442,12,0.02730915107798134,98.2,34.05757024901686
Adam_lr0.001_do0.2_h384-192,Adam,0.001,0.2,384-192,378442,13,0.02391975669531567,98.16,36.86550308202277
Adam_lr0.001_do0.2_h384-192,Adam,0.001,0.2,384-192,378442,14,0.021308883374567877,98.26,39.72006529101054
Adam_lr0.001_do0.2_h384-192,Adam,0.001,0.2,384-192,378442,15,0.0232744702310387,98.18,42.45629270700738
Adam_lr0.001_do0.2_h384-192,Adam,0.001,0.2,384-192,378442,16,0.020996005074724686,98.36,45.2600348739943
Adam_lr0.001_do0.2_h384-192,Adam,0.001,0.2,384-192,378442,17,0.0185932617192127,98.27,48.04762899900379
Adam_lr0.001_do0.2_h384-192,Adam,0.001,0.2,384-192,378442,18,0.018431315614956985,98.13,50.91812420700444
Adam_lr0.001_do0.2_h384-192,Adam,0.001,0.2,384-192,378442,19,0.016013118711806905,98.32,53.7218914150144
Adam_lr0.001_do0.2_h384-192,Adam,0.001,0.2,384-192,378442,20,0.016840229204191523,98.33,56.54256291502679
Adam_lr0.001_do0.2_h256-128,Adam,0.001,0.2,256-128,235914,1,0.3575536762651744,96.17999999999999,1.877549207987613
Adam_lr0.001_do0.2_h256-128,Adam,0.001,0.2,256-128,235914,2,0.1537443470289577,97.13000000000001,3.907297290978022
Adam_lr0.001_do0.2_h256-128,Adam,0.001,0.2,256-128,235914,3,0.11491698213912478,97.63,5.844606457976624
Adam_lr0.001_do0.2_h256-128,Adam,0.001,0.2,256-128,235914,4,0.08991072144459353,97.91,7.8821693749778206
Adam_lr0.001_do0.2_h256-128,Adam,0.001,0.2,256-128,235914,5,0.07765066637044238,97.85000000000001,9.874798291974002
Adam_lr0.001_do0.2_h256-128,Adam,0.001,0.2,256-128,235914,6,0.06425772595165904,98.03,11.802473791976809
Adam_lr0.001_do0.2_h256-128,Adam,0.001,0.2,256-128,235914,7,0.05953782407556905,98.07000000000001,13.850377583978116
Adam_lr0.001_do0.2_h256-128,Adam,0.001,0.2,256-128,235914,8,0.04860104050422863,98.19,15.77110650097893
Adam_lr0.001_do0.2_h256-128,Adam,0.001,0.2,256-128,235914,9,0.04536545912862343,98.2,17.805520500987768
Adam_lr0.001_do0.2_h256-128,Adam,0.001,0.2,256-128,235914,10,0.040881668215830246,98.11999999999999,19.79672329298046
Adam_lr0.001_do0.2_h256-128,Adam,0.001,0.2,256-128,235914,11,0.03782788771907316,98.11999999999999,21.868906709976727
Adam_lr0.001_do0.2_h256-128,Adam,0.001,0.2,256-128,235914,12,0.03753230284167256,98.22,23.940211542969337
Adam_lr0.001_do0.2_h256-128,Adam,0.001,0.2,256-128,235914,13,0.033271621358850395,98.1,25.90660191795905
Adam_lr0.001_do0.2_h256-128,Adam,0.001,0.2,256-128,235914,14,0.03107140611380635,98.24000000000001,27.953381667961366
Adam_lr0.001_do0.2_h256-128,Adam,0.001,0.2,256-128,235914,15,0.0262137927851199,98.29,29.935543167972355
Adam_lr0.001_do0.2_h256-128,Adam,0.001,0.2,256-128,235914,16,0.029153972885564396,98.16,31.952495376972365
Adam_lr0.001_do0.2_h256-128,Adam,0.001,0.2,256-128,235914,17,0.024859488315001392,98.17,34.08293646098173
Adam_lr0.001_do0.2_h256-128,Adam,0.001,0.2,256-128,235914,18,0.02430101404853101,98.24000000000001,36.03126729399082
Adam_lr0.001_do0.2_h256-128,Adam,0.001,0.2,256-128,235914,19,0.023387062844207187,98.25,38.00089208497957
Adam_lr0.001_do0.2_h256-128,Adam,0.001,0.2,256-128,235914,20,0.0211570714924343,98.41,40.02454670997395
